person,movie,_golden,_unit_state,birthplace,birthplace:confidence,date_of_birth,date_of_birth:confidence,race_ethnicity,race_ethnicity:confidence,religion,religion:confidence,sexual_orientation,sexual_orientation:confidence,year_of_award,year_of_award:confidence,award,biourl
Lewis Milestone,Two Arabian Knights,FALSE,finalized,"Chisinau, Moldova",1,30-Sep-1895,1,White,1,Na,1,Straight,1,1927,1,Best Director,http://www.nndb.com/people/320/000043191/
Frank Lloyd,The Divine Lady,FALSE,finalized,"Glasgow, Scotland",1,2-Feb-1886,1,White,1,Na,1,Straight,0.6842,1930,1,Best Director,http://www.nndb.com/people/626/000042500/
Lewis Milestone,All Quiet on the Western Front,FALSE,finalized,"Chisinau, Moldova",1,30-Sep-1895,1,White,1,Na,1,Straight,1,1931,0.6667,Best Director,http://www.nndb.com/people/320/000043191/
Norman Taurog,Skippy,FALSE,finalized,"Chicago, Il",1,23-Feb-1899,1,White,1,Na,1,Straight,1,1932,1,Best Director,http://www.nndb.com/people/544/000041421/
Frank Borzage,Bad Girl,FALSE,finalized,"Salt Lake City, Ut",1,23-Apr-1894,1,White,1,Roman Catholic,1,Straight,1,1933,1,Best Director,http://www.nndb.com/people/292/000044160/
Frank Lloyd,Cavalcade,FALSE,finalized,"Glasgow, Scotland",1,2-Feb-1886,1,White,1,Na,1,Straight,1,1934,1,Best Director,http://www.nndb.com/people/626/000042500/
Frank Capra,It Happened One Night,FALSE,finalized,"Bisacquino, Sicily, Italy",1,18-May-1897,1,White,1,Roman Catholic,1,Straight,1,1935,1,Best Director,http://www.nndb.com/people/459/000032363/
John Ford,The Informer,FALSE,finalized,"Cape Elizabeth, Me",1,1-Feb-1894,1,White,1,Roman Catholic,1,Bisexual,1,1936,1,Best Director,http://www.nndb.com/people/458/000032362/
Frank Capra,Mr. Deeds Goes to Town,FALSE,finalized,"Bisacquino, Sicily, Italy",1,18-May-1897,1,White,1,Roman Catholic,1,Straight,1,1937,1,Best Director,http://www.nndb.com/people/459/000032363/
Leo McCarey,The Awful Truth,FALSE,finalized,"Los Angeles, Ca",1,3-Oct-1898,1,White,1,Na,1,Straight,1,1938,1,Best Director,http://www.nndb.com/people/380/000044248/
Frank Capra,You Can't Take It with You,FALSE,finalized,"Bisacquino, Sicily, Italy",1,18-May-1897,1,White,1,Roman Catholic,1,Straight,1,1939,1,Best Director,http://www.nndb.com/people/459/000032363/
Victor Fleming,Gone with the Wind,FALSE,finalized,"Pasadena, Ca",1,23-Feb-1883,1,White,1,Na,1,Straight,1,1940,1,Best Director,http://www.nndb.com/people/416/000041293/
John Ford,The Grapes of Wrath,FALSE,finalized,"Cape Elizabeth, Me",1,1-Feb-1894,1,White,1,Roman Catholic,1,Bisexual,1,1941,1,Best Director,http://www.nndb.com/people/458/000032362/
John Ford,How Green Was My Valley,FALSE,finalized,"Cape Elizabeth, Me",1,1-Feb-1894,1,White,1,Roman Catholic,1,Bisexual,1,1942,1,Best Director,http://www.nndb.com/people/458/000032362/
William Wyler,Mrs. Miniver,FALSE,finalized,"Mulhouse, Haut-Rhin, Alsace, France",1,1-Jul-02,1,White,1,Na,1,Straight,1,1943,1,Best Director,http://www.nndb.com/people/463/000032367/
Michael Curtiz,Casablanca,FALSE,finalized,"Budapest, Hungary",1,24-Dec-1886,1,White,1,Na,1,Straight,1,1944,1,Best Director,http://www.nndb.com/people/676/000032580/
Leo McCarey,Going My Way,FALSE,finalized,"Los Angeles, Ca",1,3-Oct-1898,1,White,1,Na,1,Straight,1,1945,1,Best Director,http://www.nndb.com/people/380/000044248/
Jerome Robbins,West Side Story,FALSE,finalized,New York City,1,11-Oct-18,1,White,1,Jewish,1,Gay,1,1962,1,Best Director,http://www.nndb.com/people/281/000064089/
Billy Wilder,The Lost Weekend,FALSE,finalized,"Sucha, Galicia, Austria",0.6667,22-Jun-06,1,White,1,Jewish,1,Straight,1,1946,1,Best Director,http://www.nndb.com/people/982/000024910/
William Wyler,The Best Years of Our Lives,FALSE,finalized,"Mulhouse, Haut-Rhin, Alsace, France",1,1-Jul-02,1,White,1,Na,1,Straight,1,1947,1,Best Director,http://www.nndb.com/people/463/000032367/
Elia Kazan,Gentleman's Agreement,FALSE,finalized,"Istanbul, Turkey",1,7-Sep-09,1,White,1,Na,1,Straight,1,1948,1,Best Director,http://www.nndb.com/people/537/000026459/
John Huston,The Treasure of the Sierra Madre,TRUE,golden,"Nevada, Mo",1,5-Aug-06,1,White,1,Na,1,Straight,1,1949,1,Best Director,http://www.nndb.com/people/704/000024632/
Joseph L. Mankiewicz,A Letter to Three Wives,FALSE,finalized,"Wilkes-Barre, Pa",1,11-Feb-09,1,White,1,Jewish,1,Straight,1,1950,1,Best Director,http://www.nndb.com/people/723/000032627/
Joseph L. Mankiewicz,All About Eve,FALSE,finalized,"Wilkes-Barre, Pa",1,11-Feb-09,1,White,1,Jewish,1,Straight,1,1951,1,Best Director,http://www.nndb.com/people/723/000032627/
George Stevens,A Place in the Sun,FALSE,finalized,"Oakland, Ca",1,18-Dec-04,1,White,1,Na,1,Straight,1,1952,1,Best Director,http://www.nndb.com/people/382/000044250/
John Ford,The Quiet Man,FALSE,finalized,"Cape Elizabeth, Me",1,1-Feb-1894,1,White,1,Roman Catholic,1,Bisexual,1,1953,1,Best Director,http://www.nndb.com/people/458/000032362/
Fred Zinnemann,From Here to Eternity,FALSE,finalized,"Vienna, Austria",1,29-Apr-07,1,White,1,Jewish,1,Straight,1,1954,1,Best Director,http://www.nndb.com/people/538/000032442/
Elia Kazan,On the Waterfront,FALSE,finalized,"Istanbul, Turkey",1,7-Sep-09,1,White,1,Na,1,Straight,1,1955,1,Best Director,http://www.nndb.com/people/537/000026459/
Delbert Mann,Marty,FALSE,finalized,"Lawrence, Ks",1,30-Jan-20,1,White,1,Presbyterian,1,Straight,1,1956,1,Best Director,http://www.nndb.com/people/384/000044252/
George Stevens,Giant,FALSE,finalized,"Oakland, Ca",1,18-Dec-04,1,White,1,Na,1,Straight,1,1957,1,Best Director,http://www.nndb.com/people/382/000044250/
David Lean,The Bridge on the River Kwai,FALSE,finalized,"Croydon, Surrey, England",0.6667,25-Mar-08,1,White,1,Na,1,Straight,0.6667,1958,1,Best Director,http://www.nndb.com/people/462/000032366/
Vincente Minnelli,Gigi,FALSE,finalized,"Chicago, Il",1,28-Feb-03,1,White,1,Na,1,Bisexual,1,1959,1,Best Director,http://www.nndb.com/people/825/000032729/
William Wyler,Ben-Hur,FALSE,finalized,"Mulhouse, Haut-Rhin, Alsace, France",1,1-Jul-02,1,White,1,Na,1,Straight,1,1960,1,Best Director,http://www.nndb.com/people/463/000032367/
Billy Wilder,The Apartment,TRUE,golden,"Sucha, Galicia, Austria",1,22-Jun-06,1,White,1,Jewish,0.963,Straight,1,1961,1,Best Director,http://www.nndb.com/people/982/000024910/
Robert Wise,West Side Story,FALSE,finalized,"Winchester, In",1,10-Sep-14,1,White,1,Na,1,Straight,1,1961,0.6667,Best Director,http://www.nndb.com/people/460/000032364/
David Lean,Lawrence of Arabia,FALSE,finalized,"Croydon, Surrey, England",1,25-Mar-08,1,White,1,Na,1,Straight,1,1963,1,Best Director,http://www.nndb.com/people/462/000032366/
Tony Richardson,Tom Jones,FALSE,finalized,"Shipley, Yorkshire, England",1,5-Jun-28,1,White,1,Na,1,Bisexual,1,1964,1,Best Director,http://www.nndb.com/people/249/000043120/
George Cukor,My Fair Lady,FALSE,finalized,New York City,1,7-Jul-1899,1,White,1,Na,0.6571,Gay,0.6571,1965,1,Best Director,http://www.nndb.com/people/373/000041250/
Robert Wise,The Sound of Music,FALSE,finalized,"Winchester, In",1,10-Sep-14,1,White,1,Na,1,Straight,1,1966,1,Best Director,http://www.nndb.com/people/460/000032364/
Fred Zinnemann,A Man for All Seasons,FALSE,finalized,"Vienna, Austria",1,29-Apr-07,1,White,1,Jewish,1,Straight,1,1967,1,Best Director,http://www.nndb.com/people/538/000032442/
Mike Nichols,The Graduate,FALSE,finalized,"Berlin, Germany",1,6-Nov-31,1,White,1,Jewish,1,Straight,1,1968,1,Best Director,http://www.nndb.com/people/455/000023386/
Joel Coen,No Country for Old Men,FALSE,finalized,"St. Louis Park, Mn",1,29-Nov-54,1,White,1,Jewish,1,Straight,1,2008,1,Best Director,http://www.nndb.com/people/399/000025324/
Carol Reed,Oliver!,FALSE,finalized,"London, England",1,30-Dec-06,1,White,1,Na,1,Straight,1,1969,1,Best Director,http://www.nndb.com/people/290/000064098/
John Schlesinger,Midnight Cowboy,FALSE,finalized,"London, England",1,16-Feb-26,1,White,1,Na,1,Gay,1,1969,1,Best Director,http://www.nndb.com/people/771/000032675/
Franklin J. Schaffner,Patton,FALSE,finalized,"Tokyo, Japan",1,30-May-20,1,White,1,Na,1,Straight,1,1970,1,Best Director,http://www.nndb.com/people/509/000032413/
William Friedkin,The French Connection,FALSE,finalized,"Chicago, Il",1,29-Aug-35,1,White,1,Jewish,1,Straight,1,1972,1,Best Director,http://www.nndb.com/people/112/000024040/
Bob Fosse,Cabaret,FALSE,finalized,"Chicago, Il",1,23-Jun-27,1,White,1,Na,1,Straight,1,1973,1,Best Director,http://www.nndb.com/people/159/000032063/
George Roy Hill,The Sting,FALSE,finalized,"Minneapolis, Mn",1,20-Dec-21,1,White,1,Na,1,Straight,1,1973,1,Best Director,http://www.nndb.com/people/783/000032687/
Francis Ford Coppola,The Godfather Part II,FALSE,finalized,"Detroit, Mi",1,7-Apr-39,1,White,1,Na,1,Straight,1,1975,1,Best Director,http://www.nndb.com/people/866/000022800/
Milos Forman,One Flew over the Cuckoo's Nest,FALSE,finalized,"CÌÁslav, Czechoslovakia",1,18-Feb-32,1,White,1,Na,1,Straight,1,1976,1,Best Director,http://www.nndb.com/people/622/000023553/
John G. Avildsen,Rocky,FALSE,finalized,"Oak Park, Il",1,21-Dec-35,1,White,1,Na,1,Straight,1,1976,0.6667,Best Director,http://www.nndb.com/people/679/000032583/
Woody Allen,Annie Hall,FALSE,finalized,"Brooklyn, Ny",1,1-Dec-35,1,White,1,Jewish,1,Straight,1,1978,1,Best Director,http://www.nndb.com/people/501/000022435/
Michael Cimino,The Deer Hunter,TRUE,golden,New York City,1,3-Feb-39,0.9597,White,1,Na,1,Straight,1,1979,0.7227,Best Director,http://www.nndb.com/people/810/000043681/
Robert Benton,Kramer vs. Kramer,FALSE,finalized,"Waxahachie, Tx",1,29-Sep-32,1,White,1,Na,1,Straight,1,1980,1,Best Director,http://www.nndb.com/people/267/000064075/
Robert Redford,Ordinary People,FALSE,finalized,"Santa Monica, Ca",1,18-Aug-1936 [1],0.6562,White,1,Na,1,Straight,1,1980,1,Best Director,http://www.nndb.com/people/795/000022729/
Warren Beatty,Reds,FALSE,finalized,"Richmond, Va",1,30-Mar-37,1,White,1,Baptist,1,Straight,1,1981,1,Best Director,http://www.nndb.com/people/719/000022653/
Richard Attenborough,Gandhi,FALSE,finalized,"Cambridge, England",1,29-Aug-23,1,White,1,Na,1,Straight,1,1982,1,Best Director,http://www.nndb.com/people/750/000023681/
James L. Brooks,Terms of Endearment,FALSE,finalized,"North Bergen, Nj",1,9-May-40,1,White,1,Na,1,Straight,1,1983,0.6667,Best Director,http://www.nndb.com/people/209/000024137/
Milos Forman,Amadeus,FALSE,finalized,"CÌÁslav, Czechoslovakia",1,18-Feb-32,1,White,1,Na,1,Straight,1,1985,1,Best Director,http://www.nndb.com/people/622/000023553/
Sydney Pollack,Out of Africa,FALSE,finalized,"Lafayette, In",1,1-Jul-34,1,White,1,Jewish,1,Straight,1,1986,1,Best Director,http://www.nndb.com/people/772/000023703/
Oliver Stone,Platoon,FALSE,finalized,New York City,1,15-Sep-46,1,White,1,Atheist,1,Straight,1,1990,0.3333,Best Director,http://www.nndb.com/people/545/000022479/
Bernardo Bertolucci,The Last Emperor,FALSE,finalized,"Parma, Emilia-Romagna, Italy",1,16-Mar-41,1,White,1,Na,1,Straight,1,1988,1,Best Director,http://www.nndb.com/people/268/000024196/
Barry Levinson,Rain Man,FALSE,finalized,"Baltimore, Md",1,6-Apr-42,1,White,1,Jewish,0.6667,Straight,1,1989,1,Best Director,http://www.nndb.com/people/748/000023679/
Oliver Stone,Born on the Fourth of July,FALSE,finalized,New York City,1,15-Sep-46,1,White,1,Atheist,1,Straight,1,1990,1,Best Director,http://www.nndb.com/people/545/000022479/
Kevin Costner,Dances with Wolves,FALSE,finalized,"Lynwood, Ca",1,18-Jan-55,1,White,1,Baptist,1,Straight,1,1991,1,Best Director,http://www.nndb.com/people/758/000022692/
Jonathan Demme,The Silence of the Lambs,FALSE,finalized,"Baldwin, Ny",1,22-Feb-44,1,White,1,Na,1,Straight,1,1992,1,Best Director,http://www.nndb.com/people/578/000024506/
Clint Eastwood,Unforgiven,FALSE,finalized,"San Francisco, Ca",1,31-May-30,1,White,1,Na,1,Straight,1,1993,1,Best Director,http://www.nndb.com/people/849/000022783/
Steven Spielberg,Schindler's List,FALSE,finalized,"Cincinnati, Oh",1,18-Dec-46,1,White,1,Jewish,1,Straight,1,1994,1,Best Director,http://www.nndb.com/people/734/000022668/
Robert Zemeckis,Forrest Gump,FALSE,finalized,"Chicago, Il",1,14-May-52,1,White,1,Roman Catholic,1,Straight,1,1995,0.6923,Best Director,http://www.nndb.com/people/224/000025149/
Mel Gibson,Braveheart,FALSE,finalized,"Peekskill, Ny",1,3-Jan-56,1,White,1,Roman Catholic,1,Straight,1,1996,1,Best Director,http://www.nndb.com/people/583/000022517/
Anthony Minghella,The English Patient,FALSE,finalized,"Ryde, Isle of Wight, England",1,6-Jan-54,1,White,1,Na,1,Straight,1,1997,1,Best Director,http://www.nndb.com/people/513/000032417/
James Cameron,Titanic,FALSE,finalized,"Kapuskasing, Ontario, Canada",1,16-Aug-54,1,White,1,Atheist,0.6667,Straight,1,1998,1,Best Director,http://www.nndb.com/people/385/000025310/
Steven Spielberg,Saving Private Ryan,FALSE,finalized,"Cincinnati, Oh",1,18-Dec-46,1,White,1,Jewish,1,Straight,1,1999,1,Best Director,http://www.nndb.com/people/734/000022668/
Sam Mendes,American Beauty,FALSE,finalized,"Reading, Berkshire, England",1,1-Aug-65,1,White,1,Na,1,Straight,1,2000,1,Best Director,http://www.nndb.com/people/059/000025981/
Steven Soderbergh,Traffic,FALSE,finalized,"Atlanta, Ga",1,14-Jan-63,1,White,1,Atheist,1,Straight,1,2001,1,Best Director,http://www.nndb.com/people/907/000025832/
Ron Howard,A Beautiful Mind,FALSE,finalized,"Duncan, Ok",1,1-Mar-54,1,White,1,Na,1,Straight,1,2002,1,Best Director,http://www.nndb.com/people/365/000025290/
Roman Polanski,The Pianist,FALSE,finalized,"Paris, France",1,18-Aug-33,1,White,1,See Note,0.3333,Straight,1,2003,1,Best Director,http://www.nndb.com/people/541/000023472/
Peter Jackson,The Lord of the Rings: Return of the King,FALSE,finalized,"Wellington, New Zealand",1,31-Oct-61,1,White,1,Na,1,Straight,1,2004,1,Best Director,http://www.nndb.com/people/848/000025773/
Clint Eastwood,Million Dollar Baby,FALSE,finalized,"San Francisco, Ca",1,31-May-30,1,White,1,Na,1,Straight,1,2005,1,Best Director,http://www.nndb.com/people/849/000022783/
Ang Lee,Brokeback Mountain,FALSE,finalized,"Pingtung, Taiwan",1,23-Oct-54,1,Asian,1,Na,1,Straight,1,2006,1,Best Director,http://www.nndb.com/people/394/000025319/
Martin Scorsese,The Departed,FALSE,finalized,"Flushing, Ny",1,17-Nov-42,1,White,1,Roman Catholic,1,Straight,1,2007,1,Best Director,http://www.nndb.com/people/678/000022612/
Ethan Coen,No Country for Old Men,FALSE,finalized,"St. Louis Park, Mn",1,21-Sep-57,1,White,1,Jewish,1,Straight,1,2008,1,Best Director,http://www.nndb.com/people/400/000025325/
Danny Boyle,Slumdog Millionaire,TRUE,golden,"Manchester, England",1,20-Oct-56,1,White,1,Roman Catholic,0.9624,Straight,1,2009,0.9643,Best Director,http://www.nndb.com/people/887/000044755/
Kathryn Bigelow,The Hurt Locker,FALSE,finalized,"San Carlos, Ca",1,27-Nov-51,1,White,1,Na,1,Straight,1,2009,1,Best Director,http://www.nndb.com/people/837/000079600/
Tom Hooper,The King's Speech,FALSE,finalized,"London, England",1,1972,1,White,1,Na,1,Na,1,2011,1,Best Director,http://www.nndb.com/people/093/000268286/
Michel Hazanavicius,The Artist,FALSE,finalized,"Paris, France",1,29-Mar-67,1,White,1,Jewish,1,Straight,1,2012,1,Best Director,http://www.nndb.com/people/302/000281456/
Ang Lee,Life of Pi,FALSE,finalized,"Pingtung, Taiwan",1,23-Oct-54,1,Asian,1,Na,1,Straight,1,2013,1,Best Director,http://www.nndb.com/people/394/000025319/
Emil Jannings,The Last Command,FALSE,finalized,"Rorschach, Switzerland",1,23-Jul-1884,1,White,1,Na,1,Bisexual,1,1929,1,Best Actor,http://www.nndb.com/people/738/000063549/
Warner Baxter,In Old Arizona,FALSE,finalized,"Columbus, Oh",1,29-Mar-1889,1,White,1,Na,1,Straight,1,1930,1,Best Actor,http://www.nndb.com/people/739/000063550/
George Arliss,Desraeli,FALSE,finalized,"London, England",1,10-Apr-1868,1,White,1,Na,0.6897,Straight,1,1930,1,Best Actor,http://www.nndb.com/people/740/000063551/
Lionel Barrymore,A Free Soul,FALSE,finalized,"Philadelphia, Pa",1,28-Apr-1878,1,White,1,Roman Catholic,1,Straight,1,1931,1,Best Actor,http://www.nndb.com/people/741/000043612/
Wallace Beery,The Champ,FALSE,finalized,"Kansas City, Mo",1,1-Apr-1885,1,White,1,Na,1,Straight,1,1932,1,Best Actor,http://www.nndb.com/people/976/000043847/
Charles Laughton,The Private Life of Henry VIII,FALSE,finalized,"Victoria Hotel, Scarborough, Yorkshire, England",1,1-Jul-1899,1,White,1,Roman Catholic,1,Gay,1,1934,1,Best Actor,http://www.nndb.com/people/884/000042758/
Clark Gable,It Happened One Night,FALSE,finalized,"Cadiz, Oh",1,1-Feb-01,1,White,1,Na,1,Straight,1,1935,1,Best Actor,http://www.nndb.com/people/156/000027075/
Victor McLaglen,The Informer,FALSE,finalized,"Tunbridge Wells, Kent, England",1,11-Dec-1883,1,White,1,Anglican/episcopalian,1,Straight,1,1936,1,Best Actor,http://www.nndb.com/people/452/000047311/
Paul Muni,The Story of Louis Pasteur,FALSE,finalized,"Lviv, Ukraine",1,22-Sep-1895,1,White,1,Jewish,1,Straight,1,1937,1,Best Actor,http://www.nndb.com/people/741/000063552/
Spencer Tracy,Captains Courageous,FALSE,finalized,"Milwaukee, Wi",1,5-Apr-00,1,White,1,Roman Catholic,1,Straight,1,1938,1,Best Actor,http://www.nndb.com/people/979/000024907/
Spencer Tracy,Boys Town,FALSE,finalized,"Milwaukee, Wi",1,5-Apr-00,1,White,1,Roman Catholic,1,Straight,1,1939,1,Best Actor,http://www.nndb.com/people/979/000024907/
Robert Donat,Goodbye Mr. Chips,FALSE,finalized,"Withington, Manchester, England",1,18-Mar-05,1,White,1,Na,1,Straight,1,1940,1,Best Actor,http://www.nndb.com/people/742/000063553/
Jimmy Stewart,The Philadelphia Story,FALSE,finalized,"Indiana, Pa",1,20-May-08,1,White,1,Presbyterian,1,Straight,1,1941,1,Best Actor,http://www.nndb.com/people/659/000026581/
Gary Cooper,Sergeant York,FALSE,finalized,"Helena, Mt",1,7-May-01,1,White,1,Roman Catholic,1,Straight,1,1942,1,Best Actor,http://www.nndb.com/people/740/000031647/
James Cagney,Yankee Doodle Dandy,FALSE,finalized,"Manhattan, Ny",1,17-Jul-1899,1,White,1,Roman Catholic,1,Straight,1,1943,1,Best Actor,http://www.nndb.com/people/798/000024726/
Paul Lukas,Watch on the Rhine,FALSE,finalized,"Budapest, Hungary",1,26-May-1887,1,White,1,Na,1,Straight,1,1944,1,Best Actor,http://www.nndb.com/people/713/000042587/
Bing Crosby,Going My Way,FALSE,finalized,"Tacoma, Wa",1,3-May-03,1,White,1,Roman Catholic,0.6667,Straight,1,1945,1,Best Actor,http://www.nndb.com/people/651/000026573/
Ray Milland,The Lost Weekend,FALSE,finalized,"Neath, Wales",1,3-Jan-07,1,White,1,Na,0.6897,Straight,1,1946,0.6897,Best Actor,http://www.nndb.com/people/814/000042688/
Fredric March,The Best Years of Our Lives,FALSE,finalized,"Racine, Wi",1,31-Aug-1897,1,White,1,Na,1,Straight,1,1947,1,Best Actor,http://www.nndb.com/people/255/000043126/
Ronald Colman,A Double Life,FALSE,finalized,"Richmond, Surrey, England",1,9-Feb-1891,1,White,1,Na,1,Straight,1,1948,1,Best Actor,http://www.nndb.com/people/619/000042493/
Laurence Olivier,Hamlet,FALSE,finalized,"Dorking, Surrey, England",1,22-May-07,1,White,1,Na,1,Bisexual,1,1949,1,Best Actor,http://www.nndb.com/people/607/000022541/
Broderick Crawford,All The King's Men,FALSE,finalized,"Philadelphia, Pa",1,9-Dec-11,1,White,1,Na,1,Straight,1,1950,1,Best Actor,http://www.nndb.com/people/744/000063555/
Jose Ferrer,Cyrano de Bergerac,FALSE,finalized,"Santurce, Puerto Rico",1,8-Jan-09,1,Hispanic,1,Na,1,Straight,1,1951,1,Best Actor,http://www.nndb.com/people/311/000026233/
Humphrey Bogart,The Africa Queen,FALSE,finalized,New York City,1,25-Dec-1899,1,White,1,Na,1,Straight,1,1952,1,Best Actor,http://www.nndb.com/people/837/000024765/
Gary Cooper,High Noon,TRUE,golden,"Helena, Mt",1,7-May-01,1,White,1,Roman Catholic,1,Straight,1,1953,0.9642,Best Actor,http://www.nndb.com/people/740/000031647/
William Holden,Stalag 17,FALSE,finalized,"O'fallon, Il",1,17-Apr-18,1,White,1,Na,1,Straight,1,1954,1,Best Actor,http://www.nndb.com/people/210/000022144/
Marlon Brando,On the Waterfront,FALSE,finalized,"Omaha, Ne",1,3-Apr-24,1,White,1,Deist,1,Bisexual,1,1955,1,Best Actor,http://www.nndb.com/people/721/000022655/
Ernest Borgnine,Marty,FALSE,finalized,"Hamden, Ct",1,24-Jan-17,1,White,1,Na,1,Straight,1,1956,1,Best Actor,http://www.nndb.com/people/730/000022664/
Yul Brynner,The King and I,FALSE,finalized,"Vladivostok, Russia",1,11-Jul-20,1,White,1,Na,1,Straight,1,1957,1,Best Actor,http://www.nndb.com/people/459/000026381/
Alec Guinness,The Bridge on the River Kwai,FALSE,finalized,"London, England",1,2-Apr-14,1,White,1,Roman Catholic,1,Bisexual,1,1958,1,Best Actor,http://www.nndb.com/people/751/000023682/
David Niven,Separate Tables,FALSE,finalized,"London, England",1,1-Mar-09,1,White,1,Na,1,Straight,1,1959,1,Best Actor,http://www.nndb.com/people/690/000031597/
Charlton Heston,Ben-hur,FALSE,finalized,"Evanston, Il",1,4-Oct-23,1,White,1,Protestant,1,Straight,1,1960,1,Best Actor,http://www.nndb.com/people/961/000022895/
Burt Lancaster,Elmer Gantry,FALSE,finalized,New York City,1,2-Nov-13,1,White,1,Protestant,1,Straight,1,1961,1,Best Actor,http://www.nndb.com/people/938/000031845/
Maximilian Schell,Judgement at Nuremberg,FALSE,finalized,"Vienna, Austria",1,8-Dec-30,1,White,1,Na,1,Straight,1,1962,1,Best Actor,http://www.nndb.com/people/351/000023282/
Gregory Peck,To Kill a Mockingbird,FALSE,finalized,"La Jolla, Ca",1,5-Apr-16,1,White,1,Roman Catholic,1,Straight,1,1963,1,Best Actor,http://www.nndb.com/people/774/000023705/
Sidney Poitier,Lilies of the Field,FALSE,finalized,"Miami, Fl",1,20-Feb-27,1,Black,1,Deist,1,Straight,1,1964,1,Best Actor,http://www.nndb.com/people/200/000023131/
Rex Harrison,My Fair Lady,FALSE,finalized,"Huyton, Lancashire, England",1,5-Mar-08,1,White,1,Na,1,Straight,1,1965,1,Best Actor,http://www.nndb.com/people/132/000043003/
Lee Marvin,Cat Ballou,FALSE,finalized,New York City,1,19-Feb-24,1,White,1,Na,1,Straight,1,1966,1,Best Actor,http://www.nndb.com/people/314/000026236/
Paul Scofield,A Man For All Seasons,FALSE,finalized,"Hurstpierpoint, West Sussex, England",1,21-Jan-22,1,White,1,Na,1,Straight,1,1967,1,Best Actor,http://www.nndb.com/people/950/000033851/
Rod Steiger,In the Heat of the Night,FALSE,finalized,"Westhampton, Ny",1,14-Apr-25,1,White,1,Lutheran,1,Straight,1,1968,1,Best Actor,http://www.nndb.com/people/762/000026684/
Cliff Robertson,Charly,FALSE,finalized,"La Jolla, Ca",1,9-Sep-23,1,White,1,Na,1,Straight,1,1969,1,Best Actor,http://www.nndb.com/people/134/000023065/
John Wayne,True Grit,FALSE,finalized,"Winterset, Ia",1,26-May-07,1,White,1,Roman Catholic,1,Straight,1,1970,1,Best Actor,http://www.nndb.com/people/605/000023536/
George C. Scott,Patton,FALSE,finalized,"Wise, Va",1,18-Oct-27,1,White,1,Na,1,Straight,1,1971,1,Best Actor,http://www.nndb.com/people/025/000022956/
Gene Hackman,The French Connection,FALSE,finalized,"San Bernardino, Ca",1,30-Jan-30,1,White,1,Na,1,Straight,1,1972,1,Best Actor,http://www.nndb.com/people/878/000022812/
Marlon Brando,The Godfather,FALSE,finalized,"Omaha, Ne",1,3-Apr-24,1,White,1,Deist,1,Bisexual,0.6667,1973,1,Best Actor,http://www.nndb.com/people/721/000022655/
Jack Lemmon,Save the Tiger,FALSE,finalized,"Newton, Ma",1,8-Feb-25,1,White,1,Roman Catholic,1,Straight,1,1974,1,Best Actor,http://www.nndb.com/people/714/000026636/
Art Carney,Harry and Tonto,FALSE,finalized,"Mount Vernon, Ny",1,4-Nov-18,1,White,1,Na,1,Straight,1,1975,1,Best Actor,http://www.nndb.com/people/182/000025107/
Jack Nicholson,One Flew Over the Cuckoo's Nest,FALSE,finalized,New York City,1,22-Apr-37,1,White,1,Atheist,1,Straight,1,1976,1,Best Actor,http://www.nndb.com/people/722/000022656/
Peter Finch,Network,FALSE,finalized,"South Kensington, London, England",1,28-Sep-16,1,White,1,Na,1,Straight,1,1977,1,Best Actor,http://www.nndb.com/people/745/000063556/
Richard Dreyfuss,The Goodbye Girl,FALSE,finalized,"Brooklyn, Ny",1,29-Oct-47,1,White,1,Jewish,1,Straight,1,1978,1,Best Actor,http://www.nndb.com/people/814/000022748/
Jon Voight,Coming Home,FALSE,finalized,"Yonkers, Ny",1,29-Dec-38,1,White,1,Roman Catholic,1,Straight,1,1979,1,Best Actor,http://www.nndb.com/people/060/000023988/
Dustin Hoffman,Kramer vs. Kramer,FALSE,finalized,"Los Angeles, Ca",1,8-Aug-37,1,White,1,Jewish,1,Straight,1,1980,1,Best Actor,http://www.nndb.com/people/882/000022816/
Robert De Niro,Raging Bull,FALSE,finalized,New York City,1,17-Aug-43,1,White,1,Roman Catholic,1,Straight,1,1981,1,Best Actor,http://www.nndb.com/people/765/000023696/
Henry Fonda,On Golden Pond,FALSE,finalized,"Grand Island, Ne",1,16-May-05,1,White,1,Na,1,Straight,1,1982,1,Best Actor,http://www.nndb.com/people/496/000026418/
Ben Kingsley,Gandhi,FALSE,finalized,"Scarborough, Yorkshire, England",1,31-Dec-43,1,Multiracial,1,Quaker,1,Straight,1,1983,1,Best Actor,http://www.nndb.com/people/519/000024447/
Robert Duvall,Tender Mercies,FALSE,finalized,"San Diego, Ca",1,5-Jan-31,1,White,1,Na,1,Straight,1,1984,1,Best Actor,http://www.nndb.com/people/008/000022939/
F. Murray Abraham,Amadeus,FALSE,finalized,"Pittsburgh, Pa",1,24-Oct-39,1,Middle Eastern,1,Na,1,Straight,1,1985,1,Best Actor,http://www.nndb.com/people/123/000024051/
William Hurt,Kiss of the Spider Woman,FALSE,finalized,"Washington, Dc",1,20-Mar-50,1,White,1,Lutheran,1,Straight,1,1986,1,Best Actor,http://www.nndb.com/people/683/000023614/
Paul Newman,The Color of Money,FALSE,finalized,"Shaker Heights, Oh",1,26-Jan-25,1,White,1,Jewish,1,Straight,1,1987,1,Best Actor,http://www.nndb.com/people/804/000022738/
Michael Douglas,Wall Street,FALSE,finalized,"New Brunswick, Nj",1,25-Sep-44,1,White,1,Jewish,1,Straight,1,1988,1,Best Actor,http://www.nndb.com/people/614/000024542/
Dustin Hoffman,Rainman,FALSE,finalized,"Los Angeles, Ca",1,8-Aug-37,1,White,1,Jewish,1,Straight,1,1989,1,Best Actor,http://www.nndb.com/people/882/000022816/
Daniel Day-Lewis,My Left Foot,FALSE,finalized,"London, England",1,29-Apr-57,1,White,1,Na,1,Straight,1,1990,1,Best Actor,http://www.nndb.com/people/788/000022722/
Jeremy Irons,Reversal of Fortune,FALSE,finalized,"Cowes, Isle of Wight, England",1,19-Sep-48,1,White,1,Na,1,Straight,1,1991,1,Best Actor,http://www.nndb.com/people/594/000023525/
Anthony Hopkins,Silence of the Lambs,FALSE,finalized,"Port Talbot, Wales",1,31-Dec-37,1,White,1,Na,1,Straight,1,1992,1,Best Actor,http://www.nndb.com/people/005/000023933/
Al Pacino,Scent of a Woman,FALSE,finalized,"East Harlem, New York City",1,25-Apr-40,1,White,1,Roman Catholic,1,Straight,1,1993,1,Best Actor,http://www.nndb.com/people/880/000022814/
Tom Hanks,Philadelphia,TRUE,golden,"Concord, Ca",1,9-Jul-56,0.9648,White,1,Born-Again Christian,1,Straight,1,1994,1,Best Actor,http://www.nndb.com/people/687/000022621/
Tom Hanks,Forrest Gump,FALSE,finalized,"Concord, Ca",1,9-Jul-56,1,White,1,Born-Again Christian,1,Straight,1,1995,1,Best Actor,http://www.nndb.com/people/687/000022621/
Nicolas Cage,Leaving Las Vegas,FALSE,finalized,"Long Beach, Ca",1,7-Jan-64,1,White,1,Roman Catholic,1,Straight,1,1996,1,Best Actor,http://www.nndb.com/people/751/000022685/
Geoffrey Rush,Shine,FALSE,finalized,"Toowoomba, Queensland, Australia",1,6-Jul-51,1,White,1,Na,1,Straight,1,1997,1,Best Actor,http://www.nndb.com/people/126/000025051/
Jack Nicholson,As Good as It Gets,FALSE,finalized,New York City,1,22-Apr-37,1,White,1,Atheist,1,Straight,1,1997,1,Best Actor,http://www.nndb.com/people/722/000022656/
Roberto Benigni,Life is Beautiful,FALSE,finalized,"Misericordia, Arezzo, Tuscany, Italy",1,27-Oct-52,1,White,1,Na,1,Straight,1,1999,1,Best Actor,http://www.nndb.com/people/259/000025184/
Kevin Spacey,American Beauty,FALSE,finalized,"South Orange, Nj",1,26-Jul-59,1,White,1,Na,1,Matter of Dispute,0.6667,2000,1,Best Actor,http://www.nndb.com/people/591/000023522/
Russell Crowe,Gladiator,FALSE,finalized,"Wellington, New Zealand",1,7-Apr-64,1,White,1,Na,0.6562,Straight,1,2001,1,Best Actor,http://www.nndb.com/people/782/000022716/
Denzel Washington,Training Day,FALSE,finalized,"Mount Vernon, Ny",1,28-Dec-54,1,Black,1,Protestant,1,Straight,1,2002,1,Best Actor,http://www.nndb.com/people/665/000023596/
Adrien Brody,The Pianist,FALSE,finalized,New York City,1,14-Apr-73,1,White,1,Jewish,1,Straight,1,2003,1,Best Actor,http://www.nndb.com/people/112/000026034/
Sean Penn,Mystic River,FALSE,finalized,"Burbank, Ca",1,17-Aug-60,1,White,1,Roman Catholic,1,Straight,1,2003,1,Best Actor,http://www.nndb.com/people/331/000025256/
Jamie Foxx,Ray,FALSE,finalized,"Terrell, Tx",1,13-Dec-67,1,Black,1,Baptist,1,Straight,1,2005,1,Best Actor,http://www.nndb.com/people/113/000026035/
Philip Seymour Hoffman,Capote,FALSE,finalized,"Fairport, Ny",1,23-Jul-67,1,White,1,Na,1,Straight,1,2006,1,Best Actor,http://www.nndb.com/people/409/000027328/
Forest Whitaker,The Last King of Scotland,FALSE,finalized,"Longview, Tx",1,15-Jul-61,1,Black,1,Na,1,Straight,1,2007,1,Best Actor,http://www.nndb.com/people/833/000025758/
Daniel Day-Lewis,There Will Be Blood,FALSE,finalized,"London, England",1,29-Apr-57,1,White,1,Na,1,Straight,1,2008,1,Best Actor,http://www.nndb.com/people/788/000022722/
Sean Penn,Milk,FALSE,finalized,"Burbank, Ca",1,17-Aug-60,1,White,1,Roman Catholic,1,Straight,1,2009,1,Best Actor,http://www.nndb.com/people/331/000025256/
Jeff Bridges,Crazy Heart,FALSE,finalized,"Los Angeles, Ca",1,4-Dec-49,1,White,1,Lutheran,1,Straight,1,2010,1,Best Actor,http://www.nndb.com/people/779/000022713/
Colin Firth,The King's Speech,FALSE,finalized,"Grayshott, Hampshire, England",1,10-Sep-60,1,White,1,Na,1,Straight,1,2011,1,Best Actor,http://www.nndb.com/people/813/000043684/
Jean Dujardin,The Artist,FALSE,finalized,"Rueil-Malmaison, Hauts-De-Seine, France",1,19-Jun-72,1,White,1,Na,1,Straight,1,2012,1,Best Actor,http://www.nndb.com/people/303/000281457/
Daniel Day-Lewis,Lincoln,FALSE,finalized,"London, England",1,29-Apr-57,1,White,1,Na,1,Straight,1,2013,1,Best Actor,http://www.nndb.com/people/788/000022722/
Matthew McConaughey,Dallas Buyers Club,FALSE,finalized,"Uvalde, Tx",1,4-Nov-69,1,White,1,Na,1,Straight,1,2014,1,Best Actor,http://www.nndb.com/people/583/000023514/
Walter Brennan,Come and Get It,FALSE,finalized,"Swampscott, Ma",1,25-Jul-1894,1,White,1,Na,1,Straight,1,1938,1,Best Supporting Actor,http://www.nndb.com/people/347/000032251/
Joseph Schildkraut,The Life of Emile Zola,FALSE,finalized,"Vienna, Austria",1,22-Mar-1896,1,White,1,Na,1,Straight,1,1938,1,Best Supporting Actor,http://www.nndb.com/people/115/000063923/
Walter Brennan,Kentucky,FALSE,finalized,"Swampscott, Ma",1,25-Jul-1894,1,White,1,Na,1,Straight,1,1939,1,Best Supporting Actor,http://www.nndb.com/people/347/000032251/
Thomas Mitchell,Stagecoach,FALSE,finalized,"Elizabeth, Nj",1,11-Jul-1892,1,White,1,Na,1,Straight,1,1940,1,Best Supporting Actor,http://www.nndb.com/people/116/000063924/
Walter Brennan,The Westerner,FALSE,finalized,"Swampscott, Ma",1,25-Jul-1894,1,White,1,Na,1,Straight,1,1941,1,Best Supporting Actor,http://www.nndb.com/people/347/000032251/
Donald Crisp,How Green Was My Valley,FALSE,finalized,"London, England",1,27-Jul-1880,1,White,1,Na,1,Straight,1,1942,1,Best Supporting Actor,http://www.nndb.com/people/689/000031596/
Van Heflin,Johnny Eager,TRUE,golden,"Walters, Ok",1,13-Dec-10,1,White,1,Na,1,Straight,1,1943,1,Best Supporting Actor,http://www.nndb.com/people/680/000042554/
Charles Coburn,The More the Merrier,FALSE,finalized,"Savannah, Ga",1,17-Jun-1877,1,White,1,Na,1,Straight,1,1944,1,Best Supporting Actor,http://www.nndb.com/people/127/000063935/
Barry Fitzgerald,Going My Way,FALSE,finalized,"Dublin, Ireland",1,10-Mar-1888,1,White,1,Protestant,1,Na,1,1945,1,Best Supporting Actor,http://www.nndb.com/people/126/000063934/
James Dunn,A Tree Grows in Brooklyn,FALSE,finalized,New York City,1,2-Nov-01,1,White,1,Na,1,Straight,1,1946,1,Best Supporting Actor,http://www.nndb.com/people/125/000063933/
Harold Russell,The Best Years of Our Lives,FALSE,finalized,"North Sydney, Nova Scotia, Canada",1,14-Jan-14,1,White,1,Na,1,Straight,1,1947,1,Best Supporting Actor,http://www.nndb.com/people/124/000063932/
Edmund Gwenn,Miracle on 34th Street,FALSE,finalized,"Vale of Glamorgan, Wales",1,26-Sep-1875,0.6667,White,1,Na,1,Na,1,1948,1,Best Supporting Actor,http://www.nndb.com/people/123/000063931/
Walter Huston,The Treasure of the Sierra Madre,FALSE,finalized,"Toronto, Ontario, Canada",1,6-Apr-1884,1,White,1,Na,1,Straight,1,1949,1,Best Supporting Actor,http://www.nndb.com/people/122/000063930/
Dean Jagger,Twelve O'Clock High,FALSE,finalized,"Lima, Oh",1,7-Nov-03,1,White,1,Na,1,Straight,1,1950,1,Best Supporting Actor,http://www.nndb.com/people/121/000063929/
George Sanders,All About Eve,FALSE,finalized,"St. Petersburg, Russia",1,3-Jul-06,1,White,1,Na,1,Straight,1,1951,1,Best Supporting Actor,http://www.nndb.com/people/728/000043599/
Karl Malden,A Streetcar Named Desire,FALSE,finalized,"Chicago, Il",1,22-Mar-12,1,White,1,Na,1,Straight,1,1952,1,Best Supporting Actor,http://www.nndb.com/people/553/000022487/
Anthony Quinn,Viva Zapata!,FALSE,finalized,"Chihuahua, Mexico",1,21-Apr-15,1,Hispanic,1,Na,1,Straight,1,1953,1,Best Supporting Actor,http://www.nndb.com/people/228/000032132/
Frank Sinatra,From Here to Eternity,FALSE,finalized,"Hoboken, Nj",1,12-Dec-15,1,White,1,Na,1,Straight,1,1954,1,Best Supporting Actor,http://www.nndb.com/people/300/000026222/
Edmond O'Brien,The Barefoot Contessa,FALSE,finalized,New York City,1,10-Sep-15,1,White,1,Roman Catholic,1,Straight,1,1955,1,Best Supporting Actor,http://www.nndb.com/people/620/000042494/
Jack Lemmon,Mister Roberts,FALSE,finalized,"Newton, Ma",1,8-Feb-25,1,White,1,Roman Catholic,1,Straight,1,1956,1,Best Supporting Actor,http://www.nndb.com/people/714/000026636/
Anthony Quinn,Lust for Life,FALSE,finalized,"Chihuahua, Mexico",1,21-Apr-15,1,Hispanic,1,Na,1,Straight,1,1957,1,Best Supporting Actor,http://www.nndb.com/people/228/000032132/
Red Buttons,Sayonara,FALSE,finalized,New York City,1,5-Feb-19,1,White,1,Jewish,1,Straight,1,1958,1,Best Supporting Actor,http://www.nndb.com/people/820/000022754/
Burl Ives,The Big Country,FALSE,finalized,"Hunt City, Il",1,14-Jun-09,1,White,1,Na,1,Straight,1,1959,1,Best Supporting Actor,http://www.nndb.com/people/679/000042553/
Hugh Griffith,Ben-Hur,FALSE,finalized,"Marian Glas, Anglesey, Wales",1,30-May-12,1,White,1,Na,1,Na,1,1960,1,Best Supporting Actor,http://www.nndb.com/people/120/000063928/
Peter Ustinov,Spartacus,FALSE,finalized,"London, England",1,16-Apr-21,1,White,1,Na,1,Straight,1,1961,1,Best Supporting Actor,http://www.nndb.com/people/810/000022744/
George Chakiris,West Side Story,FALSE,finalized,"Norwood, Oh",1,16-Sep-34,1,White,1,Na,1,Gay,1,1962,1,Best Supporting Actor,http://www.nndb.com/people/119/000063927/
"Ed Begley, Sr.",Sweet Bird of Youth,FALSE,finalized,"Hartford, Ct",1,25-Mar-01,1,White,1,Na,1,Straight,1,1963,1,Best Supporting Actor,http://www.nndb.com/people/915/000043786/
Melvyn Douglas,Hud,FALSE,finalized,"Macon, Ga",1,5-Apr-01,1,White,1,Jewish,1,Straight,1,1964,1,Best Supporting Actor,http://www.nndb.com/people/100/000063908/
Peter Ustinov,Topkapi,FALSE,finalized,"London, England",1,16-Apr-21,1,White,1,Na,1,Straight,1,1965,1,Best Supporting Actor,http://www.nndb.com/people/810/000022744/
Martin Balsam,A Thousand Clowns,FALSE,finalized,"Bronx, Ny",1,4-Nov-19,1,White,1,Na,1,Straight,1,1966,1,Best Supporting Actor,http://www.nndb.com/people/111/000063919/
Walter Matthau,The Fortune Cookie,FALSE,finalized,New York City,1,1-Oct-20,1,White,1,Jewish,1,Straight,1,1967,1,Best Supporting Actor,http://www.nndb.com/people/768/000023699/
George Kennedy,Cool Hand Luke,FALSE,finalized,New York City,1,18-Feb-25,1,White,1,Na,1,Straight,1,1968,1,Best Supporting Actor,http://www.nndb.com/people/001/000022932/
Jack Albertson,The Subject Was Roses,TRUE,golden,"Malden, Ma",0.9595,16-Jun-07,1,White,1,Na,1,Na,1,1969,0.9646,Best Supporting Actor,http://www.nndb.com/people/559/000049412/
Gig Young,"They Shoot Horses, Don't They?",FALSE,finalized,"St. Cloud, Mn",1,4-Nov-13,1,White,1,Na,1,Straight,1,1970,1,Best Supporting Actor,http://www.nndb.com/people/110/000063918/
John Mills,Ryan's Daughter,FALSE,finalized,"Felixstowe, Suffolk, England",1,22-Feb-08,1,White,1,Na,1,Straight,1,1971,1,Best Supporting Actor,http://www.nndb.com/people/701/000030611/
Ben Johnson,The Last Picture Show,FALSE,finalized,"Shidler, Ok",1,13-Jun-18,1,White,1,Na,1,Straight,1,1972,1,Best Supporting Actor,http://www.nndb.com/people/425/000064233/
Joel Grey,Cabaret,FALSE,finalized,"Cleveland, Oh",1,11-Apr-32,1,White,1,Jewish,1,Gay,1,1973,1,Best Supporting Actor,http://www.nndb.com/people/853/000048709/
John Houseman,The Paper Chase,FALSE,finalized,"Bucharest, Romania",1,22-Sep-02,1,White,1,Na,1,Straight,0.6667,1974,1,Best Supporting Actor,http://www.nndb.com/people/686/000042560/
Robert De Niro,The Godfather Part II,FALSE,finalized,New York City,1,17-Aug-43,1,White,1,Roman Catholic,1,Straight,1,1975,1,Best Supporting Actor,http://www.nndb.com/people/765/000023696/
George Burns,The Sunshine Boys,FALSE,finalized,New York City,1,20-Jan-1896,1,White,1,Jewish,1,Straight,1,1976,1,Best Supporting Actor,http://www.nndb.com/people/895/000022829/
Jason Robards,All the President's Men,TRUE,golden,"Chicago, Il",1,26-Jul-22,0.9596,White,1,Na,1,Straight,1,1977,1,Best Supporting Actor,http://www.nndb.com/people/224/000032128/
Jason Robards,Julia,FALSE,finalized,"Chicago, Il",1,26-Jul-22,1,White,1,Na,1,Straight,1,1978,1,Best Supporting Actor,http://www.nndb.com/people/224/000032128/
Christopher Walken,The Deer Hunter,FALSE,finalized,"Astoria, Ny",1,31-Mar-43,1,White,1,Na,1,Straight,1,1979,1,Best Supporting Actor,http://www.nndb.com/people/618/000022552/
Melvyn Douglas,Being There,FALSE,finalized,"Macon, Ga",1,5-Apr-01,1,White,1,Jewish,1,Straight,1,1980,1,Best Supporting Actor,http://www.nndb.com/people/100/000063908/
Timothy Hutton,Oridnary People,FALSE,finalized,"Malibu, Ca",1,16-Aug-60,1,White,1,Na,1,Straight,1,1981,1,Best Supporting Actor,http://www.nndb.com/people/378/000024306/
John Gielgud,Arthur,FALSE,finalized,"London, England",0.6667,14-Apr-04,1,White,1,Na,1,Gay,1,1982,1,Best Supporting Actor,http://www.nndb.com/people/589/000033490/
"Lou Gossett, Jr.",An Officer and a Gentleman,FALSE,finalized,"Brooklyn, Ny",1,27-May-36,1,Black,1,Na,1,Straight,1,1983,1,Best Supporting Actor,http://www.nndb.com/people/906/000023837/
Jack Nicholson,Terms of Endearment,FALSE,finalized,New York City,1,22-Apr-37,1,White,1,Atheist,1,Straight,1,1984,1,Best Supporting Actor,http://www.nndb.com/people/722/000022656/
Haing S. Ngor,The Killing Fields,FALSE,finalized,"Samrong Young, Cambodia",1,22-Mar-40,1,Asian,1,Buddhist,1,Straight,1,1985,1,Best Supporting Actor,http://www.nndb.com/people/093/000063901/
Don Ameche,Cocoon,FALSE,finalized,"Kenosha, Wi",1,31-May-04,1,White,1,Roman Catholic,1,Straight,1,1986,1,Best Supporting Actor,http://www.nndb.com/people/736/000024664/
Michael Caine,Hannah and Her Sisters,FALSE,finalized,"Bermondsey, England",1,14-Mar-33,1,White,1,Na,1,Straight,1,1987,1,Best Supporting Actor,http://www.nndb.com/people/754/000022688/
Sean Connery,The Untouchables,FALSE,finalized,"Edinburgh, Scotland",1,25-Aug-30,1,White,1,Roman Catholic,1,Straight,1,1988,1,Best Supporting Actor,http://www.nndb.com/people/881/000022815/
Kevin Kline,A Fish Called Wanda,FALSE,finalized,"St. Louis, Mo",1,24-Oct-47,1,White,1,Roman Catholic,1,Straight,1,1989,1,Best Supporting Actor,http://www.nndb.com/people/819/000024747/
Denzel Washington,Glory,FALSE,finalized,"Mount Vernon, Ny",1,28-Dec-54,1,Black,1,Protestant,1,Straight,1,1990,1,Best Supporting Actor,http://www.nndb.com/people/665/000023596/
Joe Pesci,Good Fellas,FALSE,finalized,"Newark, Nj",1,9-Feb-43,1,White,1,Na,1,Straight,1,1991,1,Best Supporting Actor,http://www.nndb.com/people/582/000022516/
Jack Palance,City Slickers,FALSE,finalized,"Lattimer Mines, Pa",1,18-Feb-19,1,White,1,Na,1,Straight,1,1992,1,Best Supporting Actor,http://www.nndb.com/people/579/000022513/
Gene Hackman,Unforgiven,FALSE,finalized,"San Bernardino, Ca",1,30-Jan-30,1,White,1,Na,1,Straight,1,1993,1,Best Supporting Actor,http://www.nndb.com/people/878/000022812/
Tommy Lee Jones,The Fugitive,FALSE,finalized,"San Saba, Tx",1,15-Sep-46,1,White,1,Na,1,Straight,1,1994,1,Best Supporting Actor,http://www.nndb.com/people/530/000022464/
Martin Landau,Ed Wood,FALSE,finalized,"Brooklyn, Ny",1,20-Jun-31,1,White,1,Jewish,1,Straight,1,1995,1,Best Supporting Actor,http://www.nndb.com/people/431/000023362/
Kevin Spacey,The Usual Suspects,FALSE,finalized,"South Orange, Nj",1,26-Jul-59,1,White,1,Na,1,Matter of Dispute,1,1996,1,Best Supporting Actor,http://www.nndb.com/people/591/000023522/
"Cuba Gooding, Jr.",Jerry Maguire,FALSE,finalized,"Bronx, Ny",1,2-Jan-68,1,Black,1,Na,1,Straight,1,1997,1,Best Supporting Actor,http://www.nndb.com/people/587/000023518/
Robin Williams,Good Will Hunting,FALSE,finalized,"Chicago, Il",1,21-Jul-51,1,White,1,Anglican/episcopalian,1,Straight,1,1998,1,Best Supporting Actor,http://www.nndb.com/people/606/000022540/
James Coburn,Affliction,TRUE,golden,"Laurel, Ne",1,31-Aug-28,1,White,1,Na,1,Straight,1,1999,1,Best Supporting Actor,http://www.nndb.com/people/764/000022698/
Michael Caine,The Cider House Rules,FALSE,finalized,"Bermondsey, England",1,14-Mar-33,1,White,1,Na,1,Straight,1,2000,1,Best Supporting Actor,http://www.nndb.com/people/754/000022688/
Benicio Del Toro,Traffic,FALSE,finalized,"Santurce, Puerto Rico",1,19-Feb-67,1,Hispanic,1,Na,1,Straight,1,2001,1,Best Supporting Actor,http://www.nndb.com/people/087/000026009/
Jim Broadbent,Iris,FALSE,finalized,"Lincoln, Lincolnshire, England",1,24-May-49,1,White,1,Na,1,Straight,1,2002,1,Best Supporting Actor,http://www.nndb.com/people/092/000063900/
Chris Cooper,Adaptation,FALSE,finalized,"Kansas City, Mo",1,9-Jul-51,1,White,1,Na,1,Straight,1,2003,1,Best Supporting Actor,http://www.nndb.com/people/130/000025055/
Tim Robbins,Mystic River,FALSE,finalized,"West Covina, Ca",1,16-Oct-58,1,White,1,Roman Catholic,1,Straight,1,2004,1,Best Supporting Actor,http://www.nndb.com/people/614/000025539/
Morgan Freeman,Million Dollar Baby,FALSE,finalized,"Memphis, Tn",1,1-Jun-37,1,Black,1,Na,1,Straight,1,2005,1,Best Supporting Actor,http://www.nndb.com/people/982/000023913/
George Clooney,Syriana,FALSE,finalized,"Lexington, Ky",1,6-May-61,1,White,1,Na,1,Straight,1,2006,1,Best Supporting Actor,http://www.nndb.com/people/763/000022697/
Alan Arkin,Little Miss Sunshine,FALSE,finalized,"Brooklyn, Ny",1,26-Mar-34,1,White,1,Jewish,1,Straight,1,2007,1,Best Supporting Actor,http://www.nndb.com/people/777/000022711/
Javier Bardem,No Country for Old Men,FALSE,finalized,"Las Palmas De Gran Canaria, Canary Islands",1,1-Mar-69,1,Hispanic,1,Na,1,Straight,1,2008,1,Best Supporting Actor,http://www.nndb.com/people/733/000109406/
Heath Ledger,The Dark Knight,FALSE,finalized,"Perth, Australia",1,4-Apr-79,1,White,1,Na,1,Straight,1,2009,1,Best Supporting Actor,http://www.nndb.com/people/204/000029117/
Christoph Waltz,Inglourious Basterds,FALSE,finalized,Na,1,4-Oct-56,1,White,1,Na,1,Straight,1,2010,1,Best Supporting Actor,http://www.nndb.com/people/455/000213813/
Christian Bale,The Fighter,FALSE,finalized,"Haverfordwest, Pembrokeshire, Wales",1,30-Jan-74,1,White,1,Na,1,Straight,1,2011,1,Best Supporting Actor,http://www.nndb.com/people/877/000031784/
Christopher Plummer,Beginning,FALSE,finalized,"Toronto, Ontario, Canada",1,13-Dec-29,1,White,1,Na,1,Straight,1,2012,1,Best Supporting Actor,http://www.nndb.com/people/316/000023247/
Christoph Waltz,Django Unchained,FALSE,finalized,Na,0.6571,4-Oct-56,1,White,0.6571,Na,1,Straight,0.6571,2013,1,Best Supporting Actor,http://www.nndb.com/people/455/000213813/
Jared Leto,Dallas Buyers Club,FALSE,finalized,"Bossier City, La",1,26-Dec-71,1,White,1,Na,1,Straight,1,2014,1,Best Supporting Actor,http://www.nndb.com/people/438/000026360/
Janet Gaynor,7th Heaven,FALSE,finalized,"Philadelphia, Pa",1,6-Oct-06,1,White,1,Na,1,Straight,1,1929,1,Best Actress,http://www.nndb.com/people/129/000043000/
Mary Pickford,Coquette,FALSE,finalized,"Toronto, Ontario, Canada",1,8-Apr-1892,1,White,1,Na,1,Straight,1,1930,1,Best Actress,http://www.nndb.com/people/683/000042557/
Norma Shearer,The Divorcee,FALSE,finalized,"Montreal, Quebec, Canada",1,10-Aug-02,1,White,1,Na,1,Straight,1,1930,1,Best Actress,http://www.nndb.com/people/813/000063624/
Marie Dressler,Min and Bill,FALSE,finalized,"Cobourg, Ontario, Canada",1,2-Nov-1868,1,White,1,Na,1,Straight,1,1931,1,Best Actress,http://www.nndb.com/people/814/000063625/
Helen Hayes,The Sin of Madelon Claudet,FALSE,finalized,"Washington, Dc",1,10-Oct-00,1,White,1,Na,1,Straight,1,1932,1,Best Actress,http://www.nndb.com/people/908/000031815/
Katharine Hepburn,Morning Glory,FALSE,finalized,"Hartford, Ct",1,12-May-07,1,White,1,Atheist,1,Bisexual,1,1934,1,Best Actress,http://www.nndb.com/people/775/000023706/
Claudette Colbert,It Happened One Night,FALSE,finalized,"Paris, France",1,13-Sep-03,1,White,1,Na,1,Straight,1,1935,1,Best Actress,http://www.nndb.com/people/935/000043806/
Bette Davis,Dangerous,FALSE,finalized,"Lowell, Ma",1,5-Apr-08,1,White,1,Na,1,Straight,1,1936,1,Best Actress,http://www.nndb.com/people/457/000026379/
Luise Rainer,The Great Ziegfeld,FALSE,finalized,"Dusseldorf, Germany",1,12-Jan-10,1,White,1,Jewish,1,Straight,1,1937,1,Best Actress,http://www.nndb.com/people/796/000030706/
Luise Rainer,The Good Earth,FALSE,finalized,"Dusseldorf, Germany",1,12-Jan-10,1,White,1,Jewish,1,Straight,1,1938,1,Best Actress,http://www.nndb.com/people/796/000030706/
Bette Davis,Jezebel,FALSE,finalized,"Lowell, Ma",1,5-Apr-08,1,White,1,Na,1,Straight,1,1939,1,Best Actress,http://www.nndb.com/people/457/000026379/
Vivien Leigh,Gone with the Wind,FALSE,finalized,"Darjeeling, India",1,5-Nov-13,1,White,1,Roman Catholic,1,Straight,1,1940,1,Best Actress,http://www.nndb.com/people/470/000022404/
Ginger Rogers,Kitty Foyle,TRUE,golden,"Independence, Mo",1,16-Jul-11,1,White,1,Christian Science,0.9597,Straight,1,1941,1,Best Actress,http://www.nndb.com/people/635/000043506/
Joan Fontaine,Suspicion,FALSE,finalized,"Tokyo, Japan",1,22-Oct-17,1,White,1,Na,1,Straight,1,1940,1,Best Actress,http://www.nndb.com/people/487/000026409/
Greer Garson,Mrs. Miniver,FALSE,finalized,"London, England",1,29-Sep-04,1,White,1,Na,1,Straight,1,1942,1,Best Actress,http://www.nndb.com/people/293/000044161/
Jennifer Jones,The Song of Bernadette,FALSE,finalized,"Tulsa, Ok",1,2-Mar-19,1,White,1,Roman Catholic,1,Straight,1,1944,1,Best Actress,http://www.nndb.com/people/809/000063620/
Ingrid Bergman,Gaslight,FALSE,finalized,"Stockholm, Sweden",1,29-Aug-15,1,White,1,Na,1,Straight,1,1945,1,Best Actress,http://www.nndb.com/people/836/000024764/
Joan Crawford,Mildred Pierce,FALSE,finalized,"San Antonio, Tx",1,23-Mar-05,1,White,1,Christian Science,1,Bisexual,1,1946,1,Best Actress,http://www.nndb.com/people/837/000031744/
Olivia de Havilland,To Each His Own,FALSE,finalized,"Tokyo, Japan",1,1-Jul-16,1,White,1,Na,1,Straight,1,1947,1,Best Actress,http://www.nndb.com/people/741/000022675/
Loretta Young,The Farmer's Daughter,FALSE,finalized,"Salt Lake City, Ut",1,6-Jan-13,1,White,1,Roman Catholic,1,Straight,1,1948,1,Best Actress,http://www.nndb.com/people/089/000031993/
Jane Wyman,Johnny Belinda,FALSE,finalized,"St. Joseph, Mo",1,5-Jan-17,1,White,1,Roman Catholic,1,Straight,1,1949,1,Best Actress,http://www.nndb.com/people/656/000022590/
Olivia de Havilland,The Heiress,FALSE,finalized,"Tokyo, Japan",1,1-Jul-16,1,White,1,Na,1,Straight,1,1950,1,Best Actress,http://www.nndb.com/people/741/000022675/
Judy Holliday,Born Yesterday,FALSE,finalized,New York City,1,21-Jun-21,1,White,1,Na,1,Straight,1,1951,1,Best Actress,http://www.nndb.com/people/808/000063619/
Vivien Leigh,A Streetcar Named Desire,FALSE,finalized,"Darjeeling, India",1,5-Nov-13,1,White,1,Roman Catholic,1,Straight,1,1952,1,Best Actress,http://www.nndb.com/people/470/000022404/
Shirley Booth,"Come Back, Little Sheba",FALSE,finalized,New York City,1,30-Aug-1898,1,White,1,Na,1,Straight,1,1953,1,Best Actress,http://www.nndb.com/people/807/000063618/
Audrey Hepburn,Roman Holiday,FALSE,finalized,"Brussels, Belgium",1,4-May-29,1,White,1,Christian Science,1,Straight,1,1954,1,Best Actress,http://www.nndb.com/people/933/000026855/
Grace Kelly,The Country Girl,FALSE,finalized,"Philadelphia, Pa",1,12-Nov-29,1,White,1,Roman Catholic,1,Straight,1,1955,1,Best Actress,http://www.nndb.com/people/770/000025695/
Anna Magnani,The Rose Tattoo,FALSE,finalized,"Rome, Italy",1,7-Mar-08,1,White,1,Na,1,Straight,1,1956,1,Best Actress,http://www.nndb.com/people/806/000063617/
Ingrid Bergman,Anastasia,FALSE,finalized,"Stockholm, Sweden",1,29-Aug-15,1,White,1,Na,1,Straight,1,1957,1,Best Actress,http://www.nndb.com/people/836/000024764/
Joanne Woodward,The Three Faces of Eve,TRUE,golden,"Thomasville, Ga",1,27-Feb-30,1,White,1,Na,1,Straight,1,1958,1,Best Actress,http://www.nndb.com/people/747/000043618/
Susan Hayward,I Want To Live!,FALSE,finalized,"Brooklyn, Ny",1,30-Jun-18,1,White,1,Roman Catholic,1,Straight,1,1959,1,Best Actress,http://www.nndb.com/people/805/000063616/
Simone Signoret,Room at the Top,FALSE,finalized,"Wiesbaden, Germany",1,25-Mar-21,1,White,1,Na,1,Straight,1,1960,1,Best Actress,http://www.nndb.com/people/804/000063615/
Elizabeth Taylor,Butterfield 8,FALSE,finalized,"London, England",1,27-Feb-32,1,White,1,Jewish,1,Straight,1,1961,1,Best Actress,http://www.nndb.com/people/624/000023555/
Sophia Loren,Two Women,FALSE,finalized,"Pozzuoli, Italy",1,20-Sep-34,1,White,1,Roman Catholic,1,Straight,1,1962,1,Best Actress,http://www.nndb.com/people/811/000023742/
Anne Bancroft,The Miracle Worker,FALSE,finalized,"Bronx, Ny",1,17-Sep-31,1,White,1,Roman Catholic,1,Straight,1,1963,1,Best Actress,http://www.nndb.com/people/439/000023370/
Patricia Neal,Hud,FALSE,finalized,"Packard, Ky",1,20-Jan-26,1,White,1,Roman Catholic,1,Straight,1,1964,1,Best Actress,http://www.nndb.com/people/226/000042100/
Julie Andrews,Mary Poppins,FALSE,finalized,"Walton-on-Thames, Surrey, England",1,1-Oct-35,1,White,1,Na,1,Straight,1,1965,1,Best Actress,http://www.nndb.com/people/874/000023805/
Julie Christie,Darling,FALSE,finalized,"Chabua, Assam, India",1,14-Apr-41,1,White,1,Na,1,Straight,1,1966,1,Best Actress,http://www.nndb.com/people/801/000063612/
Elizabeth Taylor,Who's Afraid of Virginia Woolf?,TRUE,golden,"London, England",1,27-Feb-32,1,White,1,Jewish,1,Straight,1,1967,1,Best Actress,http://www.nndb.com/people/624/000023555/
Katharine Hepburn,Guess Who's Coming to Dinner,FALSE,finalized,"Hartford, Ct",1,12-May-07,1,White,1,Atheist,1,Bisexual,1,1968,1,Best Actress,http://www.nndb.com/people/775/000023706/
Barbra Streisand,Funny Girl,FALSE,finalized,"Brooklyn, Ny",1,24-Apr-42,1,White,1,Jewish,1,Straight,1,1969,0.6897,Best Actress,http://www.nndb.com/people/526/000022460/
Katharine Hepburn,The Lion in Winter,FALSE,finalized,"Hartford, Ct",1,12-May-07,1,White,1,Atheist,1,Bisexual,1,1969,1,Best Actress,http://www.nndb.com/people/775/000023706/
Maggie Smith,The Prime of Miss Jean Brodie,TRUE,golden,"Ilford, Essex, England",1,28-Dec-34,1,White,1,Na,1,Straight,1,1970,1,Best Actress,http://www.nndb.com/people/260/000030170/
Glenda Jackson,Women in Love,FALSE,finalized,"Birkenhead, Cheshire, England",1,9-May-36,1,White,1,Na,1,Straight,1,1971,1,Best Actress,http://www.nndb.com/people/799/000063610/
Jane Fonda,Klute,FALSE,finalized,New York City,1,21-Dec-37,1,White,1,Born-Again Christian,1,Straight,1,1972,1,Best Actress,http://www.nndb.com/people/637/000022571/
Liza Minnelli,Cabaret,FALSE,finalized,"Los Angeles, Ca",1,12-Mar-46,1,White,1,Na,1,Na,1,1973,1,Best Actress,http://www.nndb.com/people/724/000024652/
Glenda Jackson,A Touch of Class,FALSE,finalized,"Birkenhead, Cheshire, England",1,9-May-36,1,White,1,Na,1,Straight,1,1974,1,Best Actress,http://www.nndb.com/people/799/000063610/
Ellen Burstyn,Alice Doesn't Live Here Anymore,FALSE,finalized,"Detroit, Mi",1,7-Dec-32,1,White,1,Sufism,0.3333,Straight,1,1975,1,Best Actress,http://www.nndb.com/people/650/000023581/
Louise Fletcher,One Flew Over the Cuckoo's Nest,FALSE,finalized,"Birmingham, Al",1,22-Jul-34,1,White,1,Na,1,Straight,1,1976,1,Best Actress,http://www.nndb.com/people/798/000063609/
Faye Dunaway,Network,TRUE,golden,"Bascom, Fl",1,14-Jan-41,1,White,1,Roman Catholic,1,Straight,0.9599,1977,1,Best Actress,http://www.nndb.com/people/884/000022818/
Diane Keaton,Annie Hall,FALSE,finalized,"Los Angeles, Ca",1,5-Jan-46,1,White,1,Atheist,1,Straight,1,1978,1,Best Actress,http://www.nndb.com/people/879/000022813/
Jane Fonda,Coming Home,FALSE,finalized,New York City,1,21-Dec-37,1,White,1,Born-Again Christian,1,Straight,1,1979,1,Best Actress,http://www.nndb.com/people/637/000022571/
Sally Field,Norma Rae,FALSE,finalized,"Pasadena, Ca",1,6-Nov-46,1,White,1,Na,1,Straight,1,1980,1,Best Actress,http://www.nndb.com/people/897/000022831/
Sissy Spacek,Coal Miner's Daughter,FALSE,finalized,"Quitman, Tx",1,25-Dec-49,1,White,1,Na,0.6897,Straight,1,1981,1,Best Actress,http://www.nndb.com/people/758/000023689/
Katharine Hepburn,On Golden Pond,FALSE,finalized,"Hartford, Ct",1,12-May-07,1,White,1,Atheist,1,Bisexual,1,1982,1,Best Actress,http://www.nndb.com/people/775/000023706/
Meryl Streep,Sophie's Choice,FALSE,finalized,"Summit, Nj",1,22-Jun-49,1,White,1,Na,1,Straight,1,1983,1,Best Actress,http://www.nndb.com/people/001/000024926/
Shirley MacLaine,Terms of Endearment,FALSE,finalized,"Richmond, Va",1,24-Apr-34,1,White,1,Baptist,1,Straight,1,1984,1,Best Actress,http://www.nndb.com/people/799/000023730/
Sally Field,Places in the Heart,FALSE,finalized,"Pasadena, Ca",1,6-Nov-46,0.6667,White,1,Na,1,Straight,1,1985,1,Best Actress,http://www.nndb.com/people/897/000022831/
Geraldine Page,The Trip to Bountiful,FALSE,finalized,"Kirksville, Mo",1,22-Nov-24,1,White,1,Na,1,Straight,1,1986,1,Best Actress,http://www.nndb.com/people/780/000043651/
Marlee Matlin,Children of a Lesser God,FALSE,finalized,"Morton Grove, Il",1,24-Aug-65,1,White,1,Jewish,1,Straight,1,1987,1,Best Actress,http://www.nndb.com/people/870/000023801/
Cher,Moonstruck,FALSE,finalized,"El Centro, Ca",1,20-May-46,1,White,1,Na,1,Bisexual,1,1988,1,Best Actress,http://www.nndb.com/people/688/000022622/
Jodie Foster,The Accused,FALSE,finalized,"Los Angeles, Ca",1,19-Nov-62,1,White,1,Atheist,1,Lesbian,1,1989,1,Best Actress,http://www.nndb.com/people/756/000023687/
Jessica Tandy,Driving Miss Daisy,FALSE,finalized,"London, England",1,7-Jun-09,1,White,1,Na,1,Straight,1,1990,1,Best Actress,http://www.nndb.com/people/017/000023945/
Kathy Bates,Misery,FALSE,finalized,"Memphis, Tn",1,28-Jun-48,1,White,1,Na,1,Straight,1,1991,1,Best Actress,http://www.nndb.com/people/907/000024835/
Jodie Foster,The Silence of the Lambs,FALSE,finalized,"Los Angeles, Ca",1,19-Nov-62,1,White,1,Atheist,1,Lesbian,1,1992,1,Best Actress,http://www.nndb.com/people/756/000023687/
Emma Thompson,Howards End,FALSE,finalized,"London, England",1,15-Apr-59,1,White,1,Na,1,Straight,1,1993,1,Best Actress,http://www.nndb.com/people/627/000025552/
Holly Hunter,The Piano,FALSE,finalized,"Conyers, Ga",1,20-Mar-58,1,White,1,Na,1,Straight,1,1994,1,Best Actress,http://www.nndb.com/people/566/000023497/
Jessica Lange,Blue Sky,FALSE,finalized,"Cloquet, Mn",1,20-Apr-49,1,White,1,Na,1,Straight,1,1995,1,Best Actress,http://www.nndb.com/people/004/000022935/
Susan Sarandon,Dead Man Walking,FALSE,finalized,"Queens, Ny",1,4-Oct-46,1,White,1,Roman Catholic,1,Straight,1,1996,1,Best Actress,http://www.nndb.com/people/762/000024690/
Frances McDormand,Fargo,FALSE,finalized,"Chicago, Il",1,23-Jun-57,1,White,1,Disciples of Christ,1,Straight,1,1997,1,Best Actress,http://www.nndb.com/people/517/000025442/
Helen Hunt,As Good As It Gets,FALSE,finalized,"Culver City, Ca",1,15-Jun-63,1,White,1,Na,1,Straight,1,1998,1,Best Actress,http://www.nndb.com/people/554/000023485/
Gwyneth Paltrow,Shakespeare in Love,TRUE,golden,"Los Angeles, Ca",1,27-Sep-72,1,White,1,Jewish,1,Straight,1,1999,1,Best Actress,http://www.nndb.com/people/592/000023523/
Hilary Swank,Boys Don't Cry,FALSE,finalized,"Lincoln, Ne",1,30-Jul-74,1,White,1,Na,1,Straight,1,2000,1,Best Actress,http://www.nndb.com/people/333/000026255/
Julia Roberts,Erin Brockovich,FALSE,finalized,"Smyrna, Ga",1,28-Oct-67,1,White,1,Hindu,1,Straight,1,2001,1,Best Actress,http://www.nndb.com/people/592/000022526/
Halle Berry,Monster's Ball,FALSE,finalized,"Cleveland, Oh",1,14-Aug-66,1,Multiracial,1,Na,1,Straight,1,2002,1,Best Actress,http://www.nndb.com/people/487/000023418/
Nicole Kidman,The Hours,FALSE,finalized,"Honolulu, Hi",1,20-Jun-67,1,White,1,Roman Catholic,1,Straight,1,2003,1,Best Actress,http://www.nndb.com/people/917/000022851/
Charlize Theron,Monster,FALSE,finalized,"Benoni, South Africa",1,7-Aug-75,1,White,1,Na,1,Straight,1,2004,1,Best Actress,http://www.nndb.com/people/146/000026068/
Hilary Swank,Million Dollar Baby,TRUE,golden,"Lincoln, Ne",1,30-Jul-74,1,White,1,Na,1,Straight,1,2005,1,Best Actress,http://www.nndb.com/people/333/000026255/
Reese Witherspoon,Walk the Line,FALSE,finalized,"New Orleans, La",1,22-Mar-76,1,White,1,Na,1,Straight,1,2006,1,Best Actress,http://www.nndb.com/people/813/000022747/
Helen Mirren,The Queen,FALSE,finalized,"Chiswick, London, England",1,26-Jul-45,1,White,1,Na,1,Straight,1,2007,1,Best Actress,http://www.nndb.com/people/907/000044775/
Marion Cotillard,The Passionate Life of Edith Piaf,FALSE,finalized,"Paris, France",1,30-Sep-75,1,White,1,Na,1,Straight,1,2008,1,Best Actress,http://www.nndb.com/people/723/000136315/
Kate Winslet,The Reader,FALSE,finalized,"Reading, England",1,5-Oct-75,1,White,1,Na,1,Straight,1,2009,1,Best Actress,http://www.nndb.com/people/582/000023513/
Sandra Bullock,The Blind Side,FALSE,finalized,"Arlington, Va",1,26-Jul-64,1,White,1,Na,1,Straight,1,2010,1,Best Actress,http://www.nndb.com/people/601/000023532/
Natalie Portman,Black Swan,FALSE,finalized,"Jerusalem, Israel",1,9-Jun-81,1,White,1,Jewish,1,Straight,1,2011,1,Best Actress,http://www.nndb.com/people/040/000022971/
Meryl Streep,The Iron Lady,FALSE,finalized,"Summit, Nj",1,22-Jun-49,1,White,1,Na,1,Straight,1,2012,1,Best Actress,http://www.nndb.com/people/001/000024926/
Jennifer Lawrence,Silver Linings Playbook,FALSE,finalized,"Louisville, Ky",1,15-Aug-90,1,White,1,Na,1,Na,1,2013,0.6667,Best Actress,http://www.nndb.com/people/597/000272778/
Cate Blanchett,Blue Jasmine,FALSE,finalized,"Melbourne, Victoria, Australia",1,14-May-69,1,White,1,Na,1,Straight,1,2014,1,Best Actress,http://www.nndb.com/people/222/000026144/
Gale Sondergaard,Anthony Adverse,FALSE,finalized,"Litchfield, Mn",1,15-Feb-1899,1,White,1,Na,1,Straight,1,1937,1,Best Supporting Actress,http://www.nndb.com/people/062/000063870/
Alice Brady,In Old Chicago,FALSE,finalized,New York City,1,2-Nov-1892,1,White,1,Na,1,Straight,1,1938,1,Best Supporting Actress,http://www.nndb.com/people/079/000063887/
Fay Bainter,Jezebel,FALSE,finalized,"Los Angeles, Ca",1,7-Dec-1891,1,White,1,Na,1,Straight,1,1939,1,Best Supporting Actress,http://www.nndb.com/people/074/000063882/
Hattie McDaniel,Gone with the Wind,FALSE,finalized,"Wichita, Ks",1,10-Jun-1893,1,Black,1,Christian,1,Matter of Dispute,1,1940,1,Best Supporting Actress,http://www.nndb.com/people/077/000063885/
Jane Darwell,The Grapes of Wrath,FALSE,finalized,"Palmyra, Mo",1,15-Oct-1879,1,White,1,Na,1,Straight,1,1941,1,Best Supporting Actress,http://www.nndb.com/people/078/000063886/
Mary Astor,The Great Lie,TRUE,golden,"Quincy, Il",1,3-May-06,1,White,1,Roman Catholic,1,Straight,1,1942,1,Best Supporting Actress,http://www.nndb.com/people/690/000042564/
Teresa Wright,Mrs. Miniver,FALSE,finalized,New York City,1,27-Oct-18,1,White,1,Na,1,Straight,0.6667,1943,1,Best Supporting Actress,http://www.nndb.com/people/580/000045445/
Katina Paxinou,For Whom the Bell Tolls,FALSE,finalized,"Athens, Greece",1,17-Dec-00,1,White,1,Na,1,Straight,1,1944,1,Best Supporting Actress,http://www.nndb.com/people/080/000063888/
Ethel Barrymore,None but the Lonely Heart,FALSE,finalized,"Philadelphia, Pa",1,15-Aug-1879,1,White,1,Roman Catholic,1,Straight,1,1945,1,Best Supporting Actress,http://www.nndb.com/people/743/000043614/
Anne Revere,National Velvet,TRUE,golden,New York City,1,25-Jun-03,1,White,1,Na,1,Straight,1,1946,1,Best Supporting Actress,http://www.nndb.com/people/081/000063889/
Anne Baxter,The Razor's Edge,FALSE,finalized,"Michigan City, In",1,7-May-23,1,White,1,Na,1,Straight,1,1947,1,Best Supporting Actress,http://www.nndb.com/people/458/000026380/
Celeste Holm,Gentleman's Agreement,FALSE,finalized,New York City,1,29-Apr-17,1,White,1,Na,0.6897,Straight,1,1948,1,Best Supporting Actress,http://www.nndb.com/people/084/000063892/
Claire Trevor,Key Largo,FALSE,finalized,New York City,1,8-Mar-10,1,White,1,Na,1,Straight,1,1949,1,Best Supporting Actress,http://www.nndb.com/people/085/000063893/
Mercedes McCambridge,All the King's Men,FALSE,finalized,"Joliet, Il",1,17-Mar-16,1,White,1,Roman Catholic,1,Straight,1,1950,1,Best Supporting Actress,http://www.nndb.com/people/086/000063894/
Josephine Hull,Harvey,FALSE,finalized,"Newtonville, Ma",1,3-Jan-1886,1,White,1,Na,1,Straight,1,1951,1,Best Supporting Actress,http://www.nndb.com/people/087/000063895/
Kim Hunter,A Streetcar Named Desire,FALSE,finalized,"Detroit, Mi",1,12-Nov-22,1,White,1,Na,0.6897,Straight,1,1952,1,Best Supporting Actress,http://www.nndb.com/people/501/000051348/
Gloria Grahame,The Bad and the Beautiful,FALSE,finalized,"Los Angeles, Ca",1,28-Nov-23,1,White,1,Na,1,Straight,1,1953,1,Best Supporting Actress,http://www.nndb.com/people/088/000063896/
Donna Reed,From Here to Eternity,FALSE,finalized,"Denison, Ia",1,27-Jan-21,1,White,1,Na,1,Straight,1,1954,1,Best Supporting Actress,http://www.nndb.com/people/702/000031609/
Eva Marie Saint,On the Waterfront,FALSE,finalized,"Newark, Nj",1,4-Jul-24,1,White,1,Na,1,Straight,1,1955,1,Best Supporting Actress,http://www.nndb.com/people/980/000022914/
Jo Van Fleet,East of Eden,FALSE,finalized,"Oakland, Ca",1,30-Dec-14,1,White,1,Na,1,Straight,1,1956,1,Best Supporting Actress,http://www.nndb.com/people/089/000063897/
Dorothy Malone,Written on the Wind,FALSE,finalized,"Chicago, Il",1,30-Jan-25,1,White,1,Na,1,Straight,1,1957,1,Best Supporting Actress,http://www.nndb.com/people/090/000063898/
Miyoshi Umeki,Sayonara,FALSE,finalized,"Otaro, Hokkaido, Japan",1,3-Apr-29,1,Asian,1,Na,1,Straight,1,1958,1,Best Supporting Actress,http://www.nndb.com/people/091/000063899/
Wendy Hiller,Separate Tables,FALSE,finalized,"Bramhall, Cheshire, England",1,15-Aug-12,1,White,1,Na,1,Straight,1,1959,1,Best Supporting Actress,http://www.nndb.com/people/056/000063864/
Shelley Winters,The Diary of Anne Frank,FALSE,finalized,"St. Louis, Mo",1,18-Aug-20,1,White,1,Jewish,1,Straight,1,1960,1,Best Supporting Actress,http://www.nndb.com/people/859/000022793/
Shirley Jones,Elmer Gantry,FALSE,finalized,"Charleroi, Pa",1,31-Mar-34,1,White,1,Methodist,1,Straight,1,1961,1,Best Supporting Actress,http://www.nndb.com/people/795/000023726/
Rita Moreno,West Side Story,FALSE,finalized,"Humacao, Puerto Rico",1,11-Dec-31,1,Hispanic,1,Na,1,Straight,1,1962,1,Best Supporting Actress,http://www.nndb.com/people/463/000023394/
Patty Duke,The Miracle Worker,FALSE,finalized,"Elmhurst, Ny",1,14-Dec-46,1,White,1,Roman Catholic,1,Straight,1,1963,1,Best Supporting Actress,http://www.nndb.com/people/775/000022709/
Margaret Rutherford,the V.I.P.s,FALSE,finalized,"London, England",1,11-May-1892,1,White,1,Na,1,Straight,1,1964,1,Best Supporting Actress,http://www.nndb.com/people/052/000063860/
Lila Kedrova,Zorba the Greek,FALSE,finalized,"St. Petersburg, Russia",1,9-Oct-18,1,White,1,Na,1,Straight,1,1965,1,Best Supporting Actress,http://www.nndb.com/people/049/000063857/
Shelley Winters,A Patch of Blue,FALSE,finalized,"St. Louis, Mo",1,18-Aug-20,1,White,1,Jewish,1,Straight,1,1966,1,Best Supporting Actress,http://www.nndb.com/people/859/000022793/
Sandy Dennis,Who's Afraid of Virginia Woolf?,FALSE,finalized,"Hastings, Ne",0.6667,27-Apr-37,1,White,1,Na,1,Bisexual,1,1967,1,Best Supporting Actress,http://www.nndb.com/people/961/000063772/
Estelle Parsons,Bonnie and Clyde,FALSE,finalized,"Marblehead, Ma",1,20-Nov-27,1,White,1,Na,1,Straight,1,1968,1,Best Supporting Actress,http://www.nndb.com/people/475/000032379/
Ruth Gordon,Rosemary's Baby,FALSE,finalized,"Quincy, Ma",1,30-Oct-1896,1,White,1,Na,1,Straight,1,1969,1,Best Supporting Actress,http://www.nndb.com/people/818/000043689/
Goldie Hawn,Cactus Flower,FALSE,finalized,"Silver Spring, Md",1,21-Nov-45,1,White,1,Buddhist,1,Straight,1,1970,1,Best Supporting Actress,http://www.nndb.com/people/996/000022930/
Helen Hayes,Airport,FALSE,finalized,"Washington, Dc",1,10-Oct-00,1,White,1,Na,1,Straight,1,1971,1,Best Supporting Actress,http://www.nndb.com/people/908/000031815/
Cloris Leachman,The Last Picture Show,FALSE,finalized,"Des Moines, Ia",0.6667,30-Apr-26,1,White,1,Na,1,Straight,1,1972,1,Best Supporting Actress,http://www.nndb.com/people/177/000023108/
Eileen Heckart,Butterflies Are Free,FALSE,finalized,"Columbus, Oh",1,29-Mar-19,0.6667,White,1,Na,1,Straight,1,1973,1,Best Supporting Actress,http://www.nndb.com/people/828/000063639/
Tatum O'Neal,Paper Moon,FALSE,finalized,"Los Angeles, Ca",1,5-Nov-63,1,White,1,Na,1,Straight,1,1974,1,Best Supporting Actress,http://www.nndb.com/people/104/000024032/
Ingrid Bergman,Murder on the Orient Express,FALSE,finalized,"Stockholm, Sweden",1,29-Aug-15,1,White,1,Na,1,Straight,1,1975,1,Best Supporting Actress,http://www.nndb.com/people/836/000024764/
Lee Grant,Shampoo,TRUE,golden,New York City,1,31-Oct-27,1,White,0.9594,Jewish,1,Straight,1,1976,1,Best Supporting Actress,http://www.nndb.com/people/409/000032313/
Beatrice Straight,Network,FALSE,finalized,"Old Westbury, Ny",1,2-Aug-14,1,White,1,Na,1,Straight,1,1977,1,Best Supporting Actress,http://www.nndb.com/people/817/000063628/
Vanessa Redgrave,Julia,FALSE,finalized,"London, England",1,30-Jan-37,1,White,1,Na,1,Straight,1,1978,1,Best Supporting Actress,http://www.nndb.com/people/590/000023521/
Maggie Smith,California Suite,FALSE,finalized,"Ilford, Essex, England",1,28-Dec-34,1,White,1,Na,1,Straight,1,1979,1,Best Supporting Actress,http://www.nndb.com/people/260/000030170/
Meryl Streep,Kramer vs. Kramer,FALSE,finalized,"Summit, Nj",1,22-Jun-49,1,White,1,Na,1,Straight,1,1980,1,Best Supporting Actress,http://www.nndb.com/people/001/000024926/
Mary Steenburgen,Melvin and Howard,FALSE,finalized,"Newport, Ar",1,8-Feb-53,1,White,1,Na,1,Straight,1,1981,1,Best Supporting Actress,http://www.nndb.com/people/271/000025196/
Maureen Stapleton,Reds,FALSE,finalized,"Troy, Ny",1,21-Jun-25,1,White,1,Roman Catholic,1,Straight,1,1982,1,Best Supporting Actress,http://www.nndb.com/people/376/000032280/
Jessica Lange,Tootsie,FALSE,finalized,"Cloquet, Mn",1,20-Apr-49,1,White,1,Na,1,Straight,1,1983,1,Best Supporting Actress,http://www.nndb.com/people/004/000022935/
Linda Hunt,The Year of Living Dangerously,FALSE,finalized,"Morristown, Nj",1,2-Apr-45,1,White,1,Na,1,Na,0.6857,1984,1,Best Supporting Actress,http://www.nndb.com/people/671/000024599/
Peggy Ashcroft,A Passage to India,FALSE,finalized,"Croydon, Surrey, England",1,22-Dec-07,1,White,1,Agnostic,1,Straight,1,1985,1,Best Supporting Actress,http://www.nndb.com/people/816/000063627/
Anjelica Huston,Prizzi's Honor,FALSE,finalized,"Santa Monica, Ca",1,8-Jul-51,1,White,1,Na,1,Straight,1,1986,1,Best Supporting Actress,http://www.nndb.com/people/128/000025053/
Dianne Wiest,Hannah and Her Sisters,FALSE,finalized,"Kansas City, Mo",1,28-Mar-48,1,White,1,Na,1,Straight,1,1987,1,Best Supporting Actress,http://www.nndb.com/people/894/000024822/
Olympia Dukakis,Moonstruck,FALSE,finalized,"Lowell, Ma",1,20-Jun-31,1,White,1,Na,1,Straight,1,1988,1,Best Supporting Actress,http://www.nndb.com/people/430/000023361/
Geena Davis,The Accidental Tourist,FALSE,finalized,"Wareham, Ma",1,21-Jan-56,1,White,1,Congregationalist,1,Straight,1,1989,1,Best Supporting Actress,http://www.nndb.com/people/883/000022817/
Brenda Fricker,My Left Foot,FALSE,finalized,"Dublin, Ireland",1,17-Feb-45,1,White,1,Na,1,Straight,1,1990,1,Best Supporting Actress,http://www.nndb.com/people/815/000063626/
Whoopi Goldberg,Ghost,FALSE,finalized,New York City,1,13-Nov-55,1,Black,1,Atheist,1,Straight,1,1991,1,Best Supporting Actress,http://www.nndb.com/people/242/000025167/
Mercedes Ruehl,The Fisher King,FALSE,finalized,"Queens, Ny",1,28-Feb-48,1,Hispanic,1,Roman Catholic,1,Straight,1,1992,1,Best Supporting Actress,http://www.nndb.com/people/890/000024818/
Marisa Tomei,My Cousin Vinny,FALSE,finalized,"Brooklyn, Ny",1,4-Dec-64,1,White,1,Na,1,Straight,1,1993,1,Best Supporting Actress,http://www.nndb.com/people/985/000025910/
Anna Paquin,The Piano,FALSE,finalized,"Winnipeg, Manitoba, Canada",1,24-Jul-82,1,White,1,Na,1,Bisexual,1,1994,1,Best Supporting Actress,http://www.nndb.com/people/763/000025688/
Dianne Wiest,Bullets Over Broadway,FALSE,finalized,"Kansas City, Mo",1,28-Mar-48,1,White,1,Na,1,Straight,1,1995,1,Best Supporting Actress,http://www.nndb.com/people/894/000024822/
Mira Sorvino,Mighty Aphrodite,FALSE,finalized,"Tenafly, Nj",1,28-Sep-67,1,White,1,Atheist,1,Straight,1,1996,1,Best Supporting Actress,http://www.nndb.com/people/890/000025815/
Juliette Binoche,The English Patient,FALSE,finalized,"Paris, France",1,9-Mar-64,1,White,1,Na,1,Straight,1,1997,1,Best Supporting Actress,http://www.nndb.com/people/970/000025895/
Kim Basinger,L.A. Confidential,FALSE,finalized,"Athens, Ga",1,8-Dec-53,1,White,1,Na,1,Straight,1,1998,1,Best Supporting Actress,http://www.nndb.com/people/310/000025235/
Judi Dench,Shakespeare in Love,FALSE,finalized,"York, North Yorkshire, England",1,9-Dec-34,1,White,1,Quaker,1,Straight,1,1999,1,Best Supporting Actress,http://www.nndb.com/people/824/000023755/
Angelina Jolie,"Girl, Interrupted",TRUE,golden,"Los Angeles, Ca",0.9593,4-Jun-75,1,White,1,Buddhist,1,Bisexual,1,2000,1,Best Supporting Actress,http://www.nndb.com/people/493/000023424/
Marcia Gay Harden,Pollock,TRUE,golden,"La Jolla, Ca",1,14-Aug-59,1,White,1,Na,1,Straight,1,2001,0.9195,Best Supporting Actress,http://www.nndb.com/people/641/000025566/
Jennifer Connelly,A Beautiful Mind,FALSE,finalized,"Catskill Mountains, Ny",1,12-Dec-70,1,White,1,Jewish,1,Straight,1,2002,1,Best Supporting Actress,http://www.nndb.com/people/240/000026162/
Catherine Zeta-Jones,Chicago,FALSE,finalized,"Mumbles, Wales",1,25-Sep-69,1,White,1,Roman Catholic,1,Straight,1,2003,1,Best Supporting Actress,http://www.nndb.com/people/516/000023447/
RenÌ©e Zellweger,Cold Mountain,FALSE,finalized,"Katy, Tx",1,25-Apr-69,1,White,1,Na,1,Straight,0.6667,2004,1,Best Supporting Actress,http://www.nndb.com/people/708/000024636/
Cate Blanchett,The Aviator,FALSE,finalized,"Melbourne, Victoria, Australia",1,14-May-69,1,White,1,Na,1,Straight,1,2005,1,Best Supporting Actress,http://www.nndb.com/people/222/000026144/
Rachel Weisz,The Constant Gardener,TRUE,golden,"London, England",1,7-Mar-71,1,White,1,Jewish,1,Straight,1,2006,1,Best Supporting Actress,http://www.nndb.com/people/309/000032213/
Jennifer Hudson,Dreamgirls,FALSE,finalized,"Chicago, Il",1,12-Sep-81,1,Black,1,Baptist,1,Straight,1,2007,1,Best Supporting Actress,http://www.nndb.com/people/434/000129047/
Tilda Swinton,Michael Clayton,FALSE,finalized,"London, England",1,5-Nov-60,1,White,1,Na,1,Straight,1,2007,1,Best Supporting Actress,http://www.nndb.com/people/178/000108851/
Penelope Cruz,Vicky Cristina Barcelona,FALSE,finalized,"Madrid, Spain",1,28-Apr-74,1,Hispanic,1,Buddhist,1,Straight,1,2009,1,Best Supporting Actress,http://www.nndb.com/people/748/000025673/
Mo'Nique,Precious,TRUE,golden,"Woodlawn, Md",1,11-Dec-67,0.9631,Black,1,Na,1,Straight,1,2010,1,Best Supporting Actress,http://www.nndb.com/people/836/000131443/
Melissa Leo,The Fighter,FALSE,finalized,New York City,1,14-Sep-60,1,White,1,Na,1,Straight,1,2011,1,Best Supporting Actress,http://www.nndb.com/people/327/000042201/
Octavia Spencer,The Help,FALSE,finalized,"Montgomery, Al",1,25-May-72,1,Black,1,Na,1,Na,1,2012,1,Best Supporting Actress,http://www.nndb.com/people/304/000281458/
Anne Hathaway,Les MisÌ©rables,FALSE,finalized,"Brooklyn, Ny",1,12-Nov-82,1,White,1,Christian,1,Straight,1,2013,1,Best Supporting Actress,http://www.nndb.com/people/220/000032124/
Lupita Nyong'o,12 Years a Slave,FALSE,finalized,"Mexico City, Mexico",1,1-Mar-83,1,Black,1,Na,1,Na,1,2014,1,Best Supporting Actress,http://www.nndb.com/people/570/000380427/
Billy Wilder,The Apartment,FALSE,finalized,"Sucha, Galicia, Austria",1,22-Jun-06,1,White,1,Jewish,1,Straight,1,1961,1,Best Director,http://www.nndb.com/people/982/000024910/
Ginger Rogers,Kitty Foyle,FALSE,finalized,"Independence, Mo",1,16-Jul-11,1,White,1,Christian Science,1,Straight,1,1941,1,Best Actress,http://www.nndb.com/people/635/000043506/
Tom Hanks,Philadelphia,FALSE,finalized,"Concord, Ca",1,9-Jul-56,1,White,1,Born-Again Christian,1,Straight,1,1994,1,Best Actor,http://www.nndb.com/people/687/000022621/
Michael Cimino,The Deer Hunter,FALSE,finalized,New York City,1,3-Feb-39,1,White,1,Na,1,Straight,1,1979,0.6667,Best Director,http://www.nndb.com/people/810/000043681/
Mary Astor,The Great Lie,FALSE,finalized,"Quincy, Il",1,3-May-06,1,White,1,Roman Catholic,1,Straight,1,1942,1,Best Supporting Actress,http://www.nndb.com/people/690/000042564/
Angelina Jolie,"Girl, Interrupted",FALSE,finalized,"Los Angeles, Ca",1,4-Jun-75,1,White,1,Buddhist,1,Bisexual,1,2000,1,Best Supporting Actress,http://www.nndb.com/people/493/000023424/
Lee Grant,Shampoo,FALSE,finalized,New York City,1,31-Oct-27,1,White,1,Jewish,1,Straight,1,1976,1,Best Supporting Actress,http://www.nndb.com/people/409/000032313/
Anne Revere,National Velvet,FALSE,finalized,New York City,1,25-Jun-03,1,White,1,Na,1,Straight,1,1946,1,Best Supporting Actress,http://www.nndb.com/people/081/000063889/
Faye Dunaway,Network,FALSE,finalized,"Bascom, Fl",1,14-Jan-41,1,White,1,Roman Catholic,1,Straight,1,1977,1,Best Actress,http://www.nndb.com/people/884/000022818/
Van Heflin,Johnny Eager,FALSE,finalized,"Walters, Ok",1,13-Dec-10,1,White,1,Na,1,Straight,1,1943,1,Best Supporting Actor,http://www.nndb.com/people/680/000042554/
Joanne Woodward,The Three Faces of Eve,FALSE,finalized,"Thomasville, Ga",1,27-Feb-30,1,White,1,Na,1,Straight,1,1958,1,Best Actress,http://www.nndb.com/people/747/000043618/
Gary Cooper,High Noon,FALSE,finalized,"Helena, Mt",1,7-May-01,1,White,1,Roman Catholic,1,Straight,1,1953,1,Best Actor,http://www.nndb.com/people/740/000031647/
Elizabeth Taylor,Who's Afraid of Virginia Woolf?,FALSE,finalized,"London, England",1,27-Feb-32,1,White,1,Jewish,1,Straight,1,1967,1,Best Actress,http://www.nndb.com/people/624/000023555/
Hilary Swank,Million Dollar Baby,FALSE,finalized,"Lincoln, Ne",1,30-Jul-74,1,White,1,Na,1,Straight,1,2005,1,Best Actress,http://www.nndb.com/people/333/000026255/
Hilary Swank,Million Dollar Baby,TRUE,golden,"Lincoln, Ne",1,30-Jul-74,1,White,1,Na,1,Straight,1,2005,1,Best Actress,http://www.nndb.com/people/333/000026255/
Gwyneth Paltrow,Shakespeare in Love,FALSE,finalized,"Los Angeles, Ca",1,27-Sep-72,1,White,1,Jewish,1,Straight,1,1999,1,Best Actress,http://www.nndb.com/people/592/000023523/
Jack Albertson,The Subject Was Roses,FALSE,finalized,"Malden, Ma",1,16-Jun-07,1,White,1,Na,1,Na,1,1969,1,Best Supporting Actor,http://www.nndb.com/people/559/000049412/
Mo'Nique,Precious,FALSE,finalized,"Woodlawn, Md",1,11-Dec-67,1,Black,1,Na,1,Straight,1,2010,1,Best Supporting Actress,http://www.nndb.com/people/836/000131443/
Marcia Gay Harden,Pollock,FALSE,finalized,"La Jolla, Ca",1,14-Aug-59,1,White,1,Na,1,Straight,1,2001,1,Best Supporting Actress,http://www.nndb.com/people/641/000025566/
Maggie Smith,The Prime of Miss Jean Brodie,FALSE,finalized,"Ilford, Essex, England",1,28-Dec-34,1,White,1,Na,1,Straight,1,1970,1,Best Actress,http://www.nndb.com/people/260/000030170/
Rachel Weisz,The Constant Gardener,FALSE,finalized,"London, England",1,7-Mar-71,1,White,1,Jewish,1,Straight,1,2006,0.6857,Best Supporting Actress,http://www.nndb.com/people/309/000032213/
Danny Boyle,Slumdog Millionaire,FALSE,finalized,"Manchester, England",1,20-Oct-56,1,White,1,Roman Catholic,1,Straight,1,2009,1,Best Director,http://www.nndb.com/people/887/000044755/
Jason Robards,All the President's Men,FALSE,finalized,"Chicago, Il",1,26-Jul-22,1,White,1,Na,1,Straight,1,1977,1,Best Supporting Actor,http://www.nndb.com/people/224/000032128/
James Coburn,Affliction,FALSE,finalized,"Laurel, Ne",1,31-Aug-28,1,White,1,Na,1,Straight,1,1999,1,Best Supporting Actor,http://www.nndb.com/people/764/000022698/
John Huston,The Treasure of the Sierra Madre,FALSE,finalized,"Nevada, Mo",1,5-Aug-06,1,White,1,Na,1,Straight,1,1949,1,Best Director,http://www.nndb.com/people/704/000024632/
